filename,PR_mean,QRS_mean,QT_mean,P_duration_mean,R_amplitude_mean,T_amplitude_mean,RR_mean,SDNN,RMSSD
0.asc,166.8,155.77777777777774,228.88888888888889,77.8,0.4310714603778399,0.00032242893675119634,940.0,16.32993161855452,22.627416997969522
1.asc,239.0,174.28571428571428,472.85714285714283,91.0,0.36057636420094885,0.3836227126417674,1258.2857142857142,76.69180303696884,54.54661614924736
2.asc,173.0,140.66666666666666,456.22222222222234,77.6,0.5321141101126715,0.19706509113375847,940.4444444444445,18.87450432674318,17.60681686165901
3.asc,177.5,160.72727272727272,410.3636363636364,112.5,0.2975334442152058,0.2925860105423258,800.5454545454545,43.25897413225615,34.911316216951775
4.asc,190.2,150.88888888888889,412.6666666666667,54.4,0.28361407121662546,0.14518963188974793,905.2,48.400000000000006,57.271284253105414
5.asc,187.69230769230765,142.83333333333331,395.1666666666666,92.30769230769228,0.3241383847892199,0.2712309749596574,722.0,35.07135583350036,31.211885847891637
6.asc,188.6666666666667,120.22222222222211,409.33333333333326,78.22222222222227,1.3488359030505337,0.23822266538457365,967.5555555555555,17.30196591984154,31.392674304684526
7.asc,217.16666666666666,129.45454545454547,385.8181818181818,108.33333333333333,0.7094602706745015,0.24103916131963132,814.0,13.12873323529869,16.601204775557708
8.asc,192.0,160.0,429.1111111111111,101.4,0.17792968285486993,0.1729251276048506,985.7777777777778,32.81523283740098,23.958297101421877
9.asc,203.4,165.77777777777777,394.8888888888889,100.8,0.3203068996189439,0.23086483546910105,953.5555555555555,57.98680139309694,49.02040391510457
10.asc,174.36363636363637,193.4,442.0,82.36363636363636,0.4152356990049324,0.22565169941776464,890.0,87.33842224359219,109.77957713325168
11.asc,278.0,163.14285714285714,461.7142857142857,59.75,0.3232942254313105,0.1984034247679413,1242.2857142857142,80.62915864927399,114.76352498362303
12.asc,158.76923076923077,145.83333333333334,268.3333333333333,92.3076923076923,0.19443900455056232,0.005758086769861518,755.1666666666666,25.119160460139234,28.957649326999153
13.asc,185.66666666666666,141.45454545454547,384.18181818181824,59.66666666666659,0.3444001238292234,0.12336157359674259,807.6363636363636,63.51416839396435,72.10547829395489
14.asc,212.4,170.44444444444434,444.44444444444434,87.99999999999996,0.2972793885194313,0.09908163944223751,978.4444444444445,108.8190252065951,119.34194568549651
15.asc,180.30769230769232,154.30769230769232,420.15384615384613,86.0,0.13833786406059112,0.14474548300084508,730.1538461538462,32.68932113055166,13.674794331177344
16.asc,131.08333333333334,142.1818181818182,263.8181818181818,45.833333333333336,0.5933478205663206,0.04311747467738979,395.4166666666667,45.553921041137855,49.86590714759107
17.asc,139.99999999999997,160.36363636363637,272.0,44.19047619047617,0.5269022835174818,0.07245794624781574,466.8,42.82242403227542,48.52779995446994
18.asc,210.44444444444446,199.25,451.0,94.88888888888889,0.27165139368473284,0.26472313662937547,1059.25,78.19806583285803,113.38178236131486
19.asc,139.36363636363637,162.66666666666666,234.0,47.0,0.6510401291536685,-0.03131466695691681,429.42857142857144,3.553287258319549,3.4351128074635335
20.asc,186.54545454545453,181.6,387.27272727272725,93.81818181818181,0.25733343566371225,0.17306010763547552,810.0,88.58893836140041,110.392028697728
21.asc,179.0,156.5454545454546,340.1818181818182,89.66666666666667,0.4697151640727156,0.0689819659643743,750.5454545454545,27.63516743822702,31.60379724020517
22.asc,139.14285714285717,158.8,228.4,51.61904761904764,0.6472579269220581,-0.040726108746792306,469.3,6.5810333535091585,6.223892841723993
23.asc,262.44444444444446,126.25,450.25,78.88888888888889,0.6447190775985828,0.2921255892748895,1091.25,9.270248108869579,11.058287131636359
24.asc,178.4,111.28571428571425,344.57142857142856,86.93333333333334,0.5556135368219491,0.1800046928657468,663.2857142857143,43.61262689279099,39.6057493883828
25.asc,208.8571428571428,166.6666666666666,253.16666666666666,111.0,0.6214148798187956,-0.07648011367356797,681.5384615384615,2.2400338120863137,2.0
26.asc,204.2,188.22222222222223,392.6666666666667,76.00000000000009,0.4906800662190681,0.24096386024236285,961.7777777777778,53.22025048539695,52.16799785308997
27.asc,182.13333333333333,160.57142857142858,231.57142857142858,99.86666666666666,0.7002875966266437,-0.07041570704404518,679.0,6.35834659550511,5.817744738827396
28.asc,196.57142857142858,124.30769230769228,359.2307692307692,80.85714285714286,0.1438966541230953,0.125369277509848,628.4285714285714,35.53009646907873,22.951453783349557
29.asc,194.6,159.33333333333334,434.22222222222234,68.0,0.6225456555969658,0.2488762405097567,940.8888888888889,9.480324003422906,9.72111104761179
30.asc,210.0,173.0,424.4,92.36363636363636,0.40080359718519093,0.19991700764391052,882.4,19.011575421305828,20.698899595013366
31.asc,142.6250000000001,142.66666666666663,361.06666666666666,75.25000000000006,0.09556577285922198,0.16114909130206212,606.4,28.276727769198,17.204650534085253
32.asc,184.0,111.27272727272735,374.3636363636364,89.5,0.41604679983738824,0.2050462293930423,798.3636363636364,12.786873434557995,14.268847185389575
33.asc,146.09523809523813,202.33333333333334,243.66666666666666,43.333333333333336,0.7298128551996351,-0.04802189221846508,452.9,6.556675987114202,5.947135533400226
34.asc,179.00000000000003,132.1818181818182,353.09090909090907,63.16666666666663,0.39514256005658605,0.18407380498832002,797.6363636363636,32.460529114806846,40.52653451752321
35.asc,175.42857142857136,156.30769230769235,315.6923076923077,94.85714285714286,0.7298220764747783,0.021665871892224735,662.1538461538462,29.251814286523395,15.620499351813308
36.asc,220.2,192.66666666666666,431.75,70.2,0.5649508052068967,0.38084060577532486,1003.1111111111111,103.66231978501096,153.04247776352813
37.asc,175.16666666666666,138.18181818181822,289.2727272727273,69.99999999999996,0.135722154217899,0.047083814804010714,824.7272727272727,16.58636301352798,21.099763031844695
38.asc,185.4285714285715,160.20000000000005,283.4,102.28571428571429,0.8153195485040845,-0.07813348812918368,680.1538461538462,7.704605554183947,4.618802153517006
39.asc,244.0,264.80000000000007,411.4000000000001,97.0909090909091,0.7942256723867639,0.10465781593924592,915.0,62.547581887711694,71.96912918436318
40.asc,167.66666666666663,150.72727272727278,370.72727272727275,70.66666666666667,0.27808101323007683,0.09955950569734125,826.3636363636364,10.645295395130507,13.386560424545209
41.asc,214.22222222222223,171.71428571428572,422.25,86.22222222222223,0.47554460386314873,0.23897763835893127,1013.25,57.895919545335836,88.93978701506832
42.asc,166.61538461538456,152.16666666666674,396.16666666666674,74.76923076923077,0.2245275398682498,0.16157174560880952,755.1666666666666,27.06114475693066,26.88696879361991
43.asc,192.6,134.44444444444446,454.22222222222234,82.2,0.2961748931408772,0.2344686015330918,1006.6666666666666,68.56626964720579,76.91553809211764
44.asc,167.86666666666673,141.57142857142858,378.85714285714283,74.80000000000005,0.3466108714351898,0.312749511627377,646.5714285714286,9.514757603055264,3.6794648440311994
45.asc,184.6153846153846,112.5,347.1666666666667,89.6923076923077,0.531745748352362,0.23101153782644518,726.3333333333334,11.160446028522138,11.020641789593991
46.asc,160.33333333333334,125.63636363636355,402.3636363636364,77.49999999999993,0.44121506327662235,0.17259845334016555,782.9090909090909,19.509692441798094,20.957099035887577
47.asc,157.38461538461542,130.0,291.07692307692315,66.00000000000001,0.6031594029222541,0.056956737234802324,694.3076923076923,42.02450679779161,30.177254127350068
48.asc,164.71428571428564,150.92307692307696,368.46153846153845,80.57142857142857,0.030900406129689056,0.19783764941255697,690.6153846153846,14.99506822278302,17.813852287849848
49.asc,225.4,137.33333333333334,365.77777777777777,93.6,0.3395678448176627,0.37638998498634935,892.8,56.321931785051554,84.99673196331989
50.asc,203.6,133.33333333333334,388.44444444444457,89.6,0.74158868837174,0.20283932558307902,940.2222222222222,18.047947114886178,13.095800853708795
51.asc,168.83333333333337,113.45454545454537,343.63636363636357,74.8333333333333,0.6804163831157735,0.1590840542307452,784.5454545454545,38.11075638276044,22.441033844277317
52.asc,173.0,147.45454545454547,397.09090909090907,48.666666666666664,0.16511894449434442,0.14569193135977784,818.1818181818181,31.29280539391583,35.031414473298106
53.asc,169.20000000000007,183.71428571428575,345.4285714285715,79.73333333333339,0.8535470613076004,0.012330023172294736,660.1428571428571,17.606237299228216,7.864232565619727
54.asc,199.27272727272728,133.8,317.2,63.27272727272723,0.12342115919764113,0.0384247926863712,841.4,35.48577179659476,42.089850980438925
55.asc,161.86666666666667,135.57142857142858,340.57142857142856,58.0,0.1154468512918343,0.0572876725905492,680.7142857142857,9.05876506427868,7.337993857053428
56.asc,205.4,115.25000000000003,402.75,95.6,0.2977034485861768,0.2321798534111917,921.7777777777778,16.06775776224464,19.887181801351343
57.asc,165.83333333333334,143.45454545454547,375.09090909090907,68.5,0.24615347572930232,0.15109998053885756,774.5454545454545,32.17103054941775,36.28222705402743
58.asc,188.54545454545453,161.00000000000006,409.40000000000003,83.45454545454545,0.21301533269441197,0.15068395911083965,847.6,13.440238093129155,16.586473739499638
59.asc,214.88888888888889,175.24999999999997,462.0,101.77777777777773,0.6229218163930504,0.30458625589252686,1143.0,134.63654778699578,154.983870128475
60.asc,188.0,144.8,419.0,73.81818181818181,0.3031390554080228,0.24884120749492958,857.0,45.38061260053681,42.26897995772629
61.asc,179.49999999999991,150.72727272727272,378.90909090909093,94.83333333333333,0.5373659951387523,0.21460883689523,843.2727272727273,24.394824000523737,31.71750305430741
62.asc,176.4,151.77777777777777,422.44444444444457,88.8,0.4095423264257684,0.19633374001989634,990.8888888888889,45.64706256691283,57.8013840664737
63.asc,218.72727272727272,271.0,440.4,93.0909090909091,1.0374721290810898,0.38787444630401513,924.6,47.185167160878,23.758039574940614
64.asc,176.36363636363635,130.1818181818182,382.90909090909093,74.0,0.3616621335244339,0.18592125292237915,839.0909090909091,5.350523261658967,5.621387729022079
65.asc,173.8181818181819,126.0,395.8,84.36363636363643,0.4363193734182285,0.3009814732023256,868.1818181818181,65.75687752736408,48.431394776529
66.asc,187.63636363636363,143.2,424.8,72.54545454545455,0.21694257419036428,0.2293273282400617,923.8,62.16397670677126,33.730961708462715
67.asc,179.3846153846154,104.83333333333333,358.1666666666667,77.84615384615384,0.3674060554417148,0.14035713607148878,753.5,49.01105317510871,53.39390499775317
68.asc,317.7142857142857,130.33333333333317,434.3333333333333,70.0,0.5527007129573429,0.04231494682096381,1312.0,75.96490417730195,133.55448326432176
69.asc,180.83333333333334,130.36363636363637,422.72727272727275,100.5,0.16265089710863936,0.07872876850332586,806.9090909090909,68.27411934181814,64.85984890515857
70.asc,179.090909090909,122.2,382.19999999999993,101.45454545454545,0.654615154437219,0.17097170869630898,856.0,18.468646650226137,25.13165334791963
71.asc,215.4,185.75,337.55555555555554,81.2,0.08284172011026744,0.08387145611569427,1003.5555555555555,76.48835947908981,148.57321427498294
72.asc,194.60000000000008,128.44444444444446,350.0,92.00000000000009,0.5257732230620843,0.10147561333205055,956.8,74.50744929200033,69.74556935350405
73.asc,195.0,145.1111111111111,430.6666666666667,69.4,0.3295843597956758,0.2229024578014848,924.2222222222222,61.126058777974514,71.28464070190716
74.asc,274.75,141.0,369.75,67.25,0.28773850629138265,0.07076501038218541,1160.25,52.99469313053903,51.906509363332404
75.asc,174.19999999999996,121.11111111111111,391.77777777777777,84.79999999999995,0.8209327681155629,0.2813228779069134,995.7777777777778,105.33098919098128,107.07240540867662
76.asc,168.5454545454546,148.6,367.4,81.27272727272731,0.5074706233697837,0.30761515395854966,862.2,23.53635485796388,23.636130534981113
77.asc,293.75,169.42857142857142,517.1428571428571,54.25,0.19075045728580986,0.17395599547139642,1279.7142857142858,126.75478495979583,179.8999722067794
78.asc,194.39999999999995,195.33333333333334,394.22222222222223,99.80000000000003,0.8000510447535298,0.35064089852691505,973.3333333333334,107.09912334945707,124.08666326402688
79.asc,166.93333333333328,164.71428571428578,330.4285714285715,84.79999999999988,0.38672915995037166,0.09684072627909464,649.2857142857143,29.155809446657383,21.447610589527216
80.asc,208.2,158.0,406.8888888888889,51.4,0.35291691551910176,0.11562657368353166,928.0,12.995725793078618,15.716233645501712
81.asc,184.0,197.55555555555554,486.0,101.2,0.3769794305781461,0.19160638431694127,1001.3333333333334,13.98411797560202,17.378147196982766
82.asc,209.8181818181818,155.6,332.5999999999999,68.36363636363636,0.2294949609889205,0.07521789625917695,875.0,12.36931687685298,11.430952132988164
83.asc,166.8,162.85714285714286,406.7142857142857,83.06666666666666,0.3225474130200739,0.1247637564161989,661.0,33.16409418116441,33.05938712261734
84.asc,200.2,107.0,389.55555555555554,84.59999999999991,0.6968640257069249,0.34608058074807346,952.8888888888889,44.80189590344599,59.64059020499378
85.asc,174.15384615384616,151.83333333333334,365.3333333333333,75.23076923076921,0.18916123012896616,0.10150738763919827,770.0,39.48839491968917,41.411460864223216
86.asc,151.25,118.1333333333334,332.4,74.875,0.1351456579414491,0.14156137637485594,607.4666666666667,30.405847390848287,33.97057550292606
87.asc,187.8,108.2,387.8,82.0,0.3842340094805489,0.31768120142678835,887.2,63.09484923510001,49.44132324730442
88.asc,212.0,160.0,449.5000000000001,103.77777777777777,0.3550135513121347,0.12617044156901186,1050.75,119.48195470446572,170.10584939971935
89.asc,184.1818181818182,121.99999999999997,370.8,51.63636363636363,0.618130891148249,0.22289542581962668,845.8,73.38364940502754,84.27732000168649
90.asc,166.3333333333334,117.0909090909091,332.54545454545456,76.00000000000007,0.303090227669857,0.10263989296863137,852.3636363636364,83.75209384332129,100.58429300840167
91.asc,198.44444444444454,164.75,451.75,102.66666666666677,0.27999523310711794,0.22703990722856895,1016.0,36.932370625238775,61.3979990367299
92.asc,169.0909090909091,128.0,393.6,66.0,0.5415305549274304,0.20024086470532979,845.6,20.915066339842195,24.28534080011598
93.asc,176.0,142.36363636363637,333.99999999999994,84.46153846153847,0.7514170064174812,0.13786389942087246,720.6666666666666,41.169028272341926,35.4964786985977
94.asc,229.11111111111111,199.33333333333334,461.1111111111111,71.55555555555556,0.2544091540012025,0.20574169184853855,998.0,106.51238842918174,120.08538628825741
95.asc,182.923076923077,101.81818181818181,235.33333333333334,91.84615384615391,0.3876154338979457,0.021532775366719003,783.0,38.414407019589234,43.27501903786147
96.asc,188.4,117.00000000000023,370.44444444444457,92.8,0.7976710142070581,0.29600023458963975,966.8888888888889,50.39498309343555,54.981815175565096
97.asc,225.6,199.77777777777777,442.6666666666667,109.8,0.3888535706251105,0.1831246453955367,930.4444444444445,119.13681314737936,121.50925890647181
98.asc,169.6363636363637,128.59999999999997,382.4,65.81818181818193,0.13082014213532453,0.17925369132267038,868.2,22.45796072665548,29.709706606876257
99.asc,209.8,220.44444444444446,452.0,111.4,0.37137590276055,0.20749208945310474,981.5555555555555,85.06613258859396,125.7934815481311
100.asc,175.33333333333334,175.07692307692307,329.7142857142858,88.4,0.38962353978434117,0.03782686042688448,631.7142857142857,2.8139593719417437,3.762159772503841
101.asc,252.46153846153845,210.54545454545453,317.1666666666667,85.69230769230768,0.914268744552474,-0.06928341556261226,723.5,3.476108935769035,3.4641016151377544
102.asc,132.58823529411765,140.875,362.62500000000006,80.58823529411765,0.24339583181167684,0.11311809624357401,572.125,7.087621251167418,4.381780460041329
103.asc,196.2,161.25,359.8,77.2,0.3323267355730518,0.1919514875063127,919.0,99.86090326048529,96.09948548827465
104.asc,190.15384615384622,162.00000000000009,398.3333333333333,75.2307692307693,0.3487597391440682,0.28518185056934026,730.8333333333334,45.96707759062155,34.49901184355602
105.asc,239.0,166.28571428571428,505.14285714285717,130.75,0.506761437706716,0.40021368781609246,1180.0,65.54387843269576,89.72656876788025
106.asc,160.1666666666667,114.36363636363636,382.9090909090908,91.1666666666667,0.28437350276432233,0.21507069247985958,759.0909090909091,10.561116895605531,12.116104984688768
107.asc,145.78947368421055,131.1764705882353,348.94117647058823,75.7894736842105,0.4480059101622425,0.24058638116199424,495.6666666666667,9.712534856222309,4.677857729899069
108.asc,178.0,142.72727272727272,412.0,68.0,0.283911847171075,0.15464663554389962,845.0909090909091,32.63421112172301,44.08174225232029
109.asc,173.27272727272728,102.4,386.8,106.0,0.36982215192013473,0.15684300413301686,908.2,45.43522862273282,62.64893366122754
110.asc,196.0,131.6,364.80000000000007,74.72727272727273,0.2199303962961624,0.11792461494357707,910.8,36.52067907364265,28.767265347188555
111.asc,168.0,122.18181818181826,323.8181818181818,63.833333333333336,0.6102274301391072,0.0416336226473644,841.8181818181819,22.650780367123545,27.28369476445593
112.asc,195.06666666666666,138.28571428571428,338.42857142857144,92.8,0.8876702330053299,0.11736490175259416,636.4285714285714,35.47376150201781,44.382948908856356
113.asc,193.0,139.19999999999996,398.59999999999997,56.99999999999996,0.2050788801998479,0.19916428410428688,934.2,63.98406051510017,71.00234737903622
114.asc,173.66666666666666,120.36363636363636,382.5454545454546,88.83333333333333,0.5490470632786483,0.15265262349601563,832.5454545454545,34.038383778433634,38.74532229831106
115.asc,173.5,162.54545454545453,267.45454545454544,68.0,0.3484757016268383,0.008970301660287448,813.8181818181819,29.113627492724504,18.2208671582886
116.asc,154.71428571428572,194.15384615384616,392.7692307692308,66.71428571428571,0.6883051080948457,0.1058492557355798,678.1538461538462,55.881531494136574,22.090722034374522
117.asc,190.99999999999986,148.44444444444446,449.33333333333326,79.39999999999995,0.3384319976503364,0.25515516476769495,959.0,139.64311655072729,174.98317379425689
118.asc,179.27272727272728,193.99999999999994,435.4,57.454545454545496,0.7503904856069564,0.14621651291588467,931.2,5.6000000000000005,7.211102550927978
119.asc,209.8,152.44444444444446,403.3333333333333,74.6,0.3154340810646771,0.151375603118924,976.4444444444445,37.956440270719426,44.67661580737735
120.asc,153.84615384615392,191.6666666666666,424.6666666666666,68.15384615384622,0.7953801435450119,0.12719296224883583,746.3333333333334,19.54197760946647,10.32208576526346
121.asc,221.77777777777777,147.33333333333343,376.0000000000001,44.88888888888894,0.6021020595917733,0.14111133876280144,962.0,102.64934918882287,82.11577193207161
122.asc,157.69230769230776,145.00000000000009,392.1666666666667,59.84615384615385,0.296637472075606,0.16998201411703023,734.1666666666666,46.77932829312062,32.13041606272219
123.asc,220.0,186.44444444444454,417.8,92.40000000000005,0.3903216497331126,0.23026202419254974,931.0,69.65199207488612,89.2113595158524
124.asc,180.0,184.75000000000003,443.75,94.0,0.3047531861606561,0.1612786668456446,1034.0,47.24404724407086,54.30601124316586
125.asc,192.8,121.0,415.2,84.8,0.3567700275526879,0.14894197110099816,909.6,35.59550533424129,33.17964570167814
126.asc,184.5,182.36363636363632,375.27272727272725,56.166666666666664,0.33989857273636237,0.07250256076492088,822.9090909090909,36.255293144473896,37.47532521540007
127.asc,166.8,126.0,242.4615384615384,73.46666666666667,0.3863356576143504,0.05250541035818805,641.0,41.45737914671266,30.543789498408294
128.asc,186.2000000000001,117.79999999999991,400.19999999999993,92.59999999999991,0.6381778289132745,0.2870457510002154,944.6,49.01469167504779,55.18856564341728
129.asc,208.54545454545453,165.99999999999991,429.4,99.45454545454545,0.525904101504421,0.08023656415397144,883.4,22.03724120664835,21.270741511391755
130.asc,187.45454545454547,184.66666666666666,432.6,84.0,0.3568304728484396,0.1171854201028883,888.2,15.190786681406594,18.973665961010276
131.asc,152.46153846153845,177.16666666666666,373.3333333333333,67.84615384615384,0.7558196396620614,0.05851634225600763,748.0,40.702170294305766,26.00699206681996
132.asc,215.2,184.66666666666666,433.1111111111112,79.2,0.2801570469911356,0.12159030331692418,1016.4444444444445,20.017276488690747,29.180472922829747
133.asc,200.46153846153845,138.0,283.33333333333337,98.0,0.6162004818750899,-0.023822257051913313,739.0,43.41658669218482,47.344002212049475
134.asc,153.4117647058823,145.37500000000003,223.0,80.47058823529412,0.3092688994556651,-0.014499602118283465,571.25,3.59687364248454,3.687817782917155
135.asc,216.7272727272728,158.9999999999999,432.5999999999999,76.90909090909099,0.43822511001658637,0.09380388950236715,877.6,57.78442696782586,56.07930891950157
136.asc,147.6,137.84615384615384,372.6153846153847,56.4,0.39896644432171713,0.07299948874923354,646.5714285714286,3.958973274443148,5.656854249492381
137.asc,199.27272727272728,210.0,289.9999999999999,73.45454545454545,0.3256123546421049,-0.05730295985718636,853.0,2.04939015319192,3.0550504633038935
138.asc,169.33333333333334,156.5454545454545,399.8181818181818,105.0,0.5646573054440581,0.06221727257002548,760.9090909090909,11.889296526743138,8.461678320522472
139.asc,217.77777777777777,194.0,489.0,102.0,0.38106399015837206,0.1403142686253721,1078.25,49.60279730015234,70.5205137328342
140.asc,181.83333333333334,159.0909090909091,403.09090909090907,88.66666666666667,0.07322085703230721,0.07529228533875425,826.9090909090909,21.034407074879375,30.397368307141328
141.asc,183.83333333333334,144.0,362.54545454545456,79.83333333333333,0.3882765949530232,0.1675814810678691,828.5454545454545,83.45315902987804,78.71213375331659
142.asc,239.71428571428572,243.00000000000009,556.0,106.28571428571429,1.0995455694340222,0.3647401246766729,1210.0,27.832834326864138,45.51922670696417
143.asc,195.8,99.77777777777777,372.8888888888889,87.8,0.2109170557705487,0.2051198384413393,926.6666666666666,69.30127463955239,62.048368229954285
144.asc,205.66666666666666,91.27272727272727,209.45454545454547,64.8333333333333,0.04918817717362304,0.02267889308231183,777.0909090909091,102.98230611081122,144.19847433312185
145.asc,232.8888888888888,201.25,445.5,128.8888888888887,0.6498207181227827,0.22878640340840053,1000.6666666666666,20.997354330698162,25.357444666211933
146.asc,181.0,160.88888888888889,431.55555555555554,65.2,0.36557597234989786,0.1879652621493249,967.7777777777778,12.769562576496572,17.578395831246947
147.asc,180.33333333333334,174.54545454545453,292.54545454545456,91.16666666666667,0.42031149744289964,0.006566815307564702,805.2727272727273,45.91908082127814,47.53104248804143
148.asc,176.66666666666666,137.81818181818178,407.09090909090907,49.333333333333336,0.5904173084456791,0.189351109712257,808.5454545454545,13.296367490023433,15.556349186104045
149.asc,194.79999999999998,128.88888888888889,326.44444444444446,66.0,0.4474437409155243,0.008609809440777352,952.4444444444445,23.50938872077901,33.1436268383531
150.asc,213.28571428571428,189.69230769230762,345.4285714285714,95.57142857142851,0.12690672549185292,0.1287221899046526,656.4285714285714,100.15182352359862,177.19871505003815
151.asc,204.0,140.5,309.5,96.15384615384617,0.5243891231018405,0.04103529372829805,704.8333333333334,4.038013813195239,3.1908961408698624
152.asc,234.00000000000006,191.0,419.25,95.5555555555556,0.7625169909089462,0.006659552589582968,1110.75,17.83080200103181,21.856675998748887
153.asc,160.1428571428571,116.46153846153847,324.46153846153845,70.4285714285714,0.19201228037649706,0.060083870717120916,690.0,5.4349297638940595,8.0
154.asc,216.16666666666666,180.4,249.4,87.6666666666667,1.242180214736069,-0.12641760778815925,794.5,108.65273428067361,123.71815476388991
155.asc,218.66666666666666,157.71428571428572,436.25,115.77777777777776,0.24281599628796352,0.295911034689905,1037.5,93.42242771412012,130.2875939714029
156.asc,179.41176470588232,194.14285714285714,357.7142857142857,132.23529411764707,0.951570862462944,-0.005693837573643575,572.0,22.54994456755936,27.9045993819418
157.asc,185.8,132.0,402.0,65.2,0.5208326663622247,0.22159076112981935,936.6666666666666,51.450083684199306,69.88919802086728
158.asc,216.2,214.0,339.77777777777777,118.8,1.050855842237198,0.04962346000696704,974.8888888888889,48.13048108918654,91.14823092084673
159.asc,253.5000000000001,232.85714285714286,540.8571428571429,98.0,0.3448250052073064,0.013974146127065613,1104.75,40.57015528686081,51.61948690728559
160.asc,227.33333333333334,261.5,447.9999999999999,146.88888888888889,0.5759209016349375,0.02628933497371518,1081.75,7.310095758606723,8.976158898517147
161.asc,165.99999999999994,172.6153846153847,357.07692307692315,80.71428571428571,0.5553444419368855,0.04057448563410615,675.0769230769231,6.107517920393603,7.187952884282608
162.asc,193.2,133.11111111111111,266.6666666666667,77.2,1.0715182598416564,0.15683528723502937,962.4444444444445,177.79833214510268,284.8174854182938
163.asc,213.0,184.66666666666666,438.6666666666667,145.4,0.9786404363257108,0.0309003422035872,1012.6666666666666,24.67567403109566,35.035696082709705
164.asc,179.53846153846146,181.19999999999993,285.2,106.15384615384616,0.2657915618042104,-0.03462871864464404,746.3333333333334,5.153208277913436,6.875516509523286
165.asc,193.83333333333334,145.45454545454547,380.1818181818182,70.33333333333326,0.728339579451324,0.09869950735025607,835.8181818181819,47.56205168335969,49.50959502965056
166.asc,184.36363636363637,153.79999999999998,426.5999999999998,74.0,0.29090278685431786,0.2117697211863905,834.7272727272727,15.16629582085289,19.245778757951054
167.asc,223.33333333333334,217.25,487.75,78.66666666666664,0.7034630235528194,0.24656178344111931,1086.5,16.78541033159452,17.35346815892596
168.asc,249.6,142.66666666666666,425.3333333333333,65.4,0.3911733603989102,0.04971731271241006,866.4,230.65784183504363,387.0285662727121
169.asc,178.53333333333333,154.28571428571428,268.85714285714283,84.13333333333334,0.37249808274597623,-0.004257164380268219,636.1428571428571,3.582838915424129,3.088439984597651
170.asc,168.83333333333326,193.27272727272728,439.6363636363636,81.16666666666667,0.11682618515118581,0.14925444260684248,826.3636363636364,30.28132556025166,46.052144358324945
171.asc,162.0,121.11111111111111,327.5555555555556,61.09090909090909,0.13299283513636775,0.09484024306831755,848.9090909090909,38.77547150045561,50.23942674832188
172.asc,,,,,,,,,
173.asc,,,,,,,,,
174.asc,225.6,251.11111111111111,412.44444444444446,66.4,0.40873581003351644,-0.009400995121348498,928.8888888888889,5.342584568965026,5.338539126015656
175.asc,176.7692307692308,219.1666666666666,434.0,88.7692307692308,0.2929735683854682,0.11299426882965272,757.8333333333334,9.361564446655747,10.565811073285554
176.asc,188.83333333333326,117.27272727272735,222.36363636363646,73.16666666666667,0.45038602430868474,0.010370002698386671,857.2727272727273,7.782158021466435,12.821856339859686
177.asc,174.0,180.2,391.8,82.54545454545455,0.6309414500783525,0.08227982413733453,871.4,8.811356308764275,9.3571125650788
178.asc,294.0000000000001,209.42857142857142,391.0,110.44444444444454,0.3481636956044583,0.0013468960166483131,1092.75,256.6085296711705,234.02930219464886
179.asc,178.4615384615384,145.66666666666666,344.5,86.30769230769228,0.26108744112026433,0.09164284952990359,771.5,83.34316608656844,72.66110626488124
180.asc,220.4,141.40000000000003,424.2,122.2,0.4826168976787303,0.15913604652422011,908.0,3.794733192202055,3.7712361663282534
181.asc,197.63636363636363,153.39999999999995,256.19999999999993,62.72727272727273,0.5020655559458401,0.03436306658386073,861.0,8.258329128825032,10.708252269472673
182.asc,205.27272727272728,258.0,538.0,57.45454545454545,0.9841019022945132,0.053496070506965226,850.4,20.37253052519495,30.43389922803554
183.asc,379.0,145.2,495.6,106.66666666666681,0.3985615813191356,0.2695898590437383,1456.3333333333333,463.15644105300845,545.3021180960147
184.asc,200.46153846153845,191.3333333333333,354.0,86.61538461538461,0.37406830508210526,0.14065782666692395,729.0769230769231,6.354423516327195,6.191391873668904
185.asc,206.30769230769224,108.0,332.1666666666667,89.84615384615378,0.425896228531585,0.16105497754886886,717.1666666666666,40.52536928339525,24.92169555008064
186.asc,209.33333333333334,154.0,419.5,93.77777777777776,0.8003572656301583,0.16473201943245083,1059.0,14.628738838327793,13.752921767495703
187.asc,190.1818181818181,165.81818181818173,387.090909090909,83.45454545454545,0.4457192126388306,0.342318542515394,864.9090909090909,18.710495574091542,12.09958676980334
188.asc,174.39999999999995,141.5000000000001,310.0,66.53333333333327,0.1097029756164905,0.10134096361401795,512.0,185.69150043373912,338.6610312947846
189.asc,176.9090909090908,136.5999999999999,409.6,87.81818181818177,0.6244619315019124,0.2753764962550693,919.4,60.86739685578807,67.90843508398316
190.asc,176.72727272727272,155.8,424.8,75.27272727272727,0.21294199258188903,0.19495765202897045,887.0,32.64659247149693,38.2215762219311
191.asc,178.8,149.28571428571436,348.42857142857144,71.73333333333333,0.33037525419079206,0.050805537742296215,617.7142857142857,23.80704749027232,17.81097328140069
192.asc,172.33333333333326,160.3636363636363,420.54545454545456,87.83333333333333,0.39693473280789543,0.11232530500716124,828.9090909090909,22.32591052995903,19.555050498528505
193.asc,168.5333333333334,117.42857142857143,351.7142857142857,85.73333333333339,0.4161899347030304,0.12621253251867445,639.5714285714286,20.045356732435874,21.202322078924787
194.asc,180.9090909090909,153.1999999999999,306.6,84.9090909090909,0.7062716750076619,0.004255074313742617,905.6,54.94579146759104,76.19273806166395
195.asc,226.0000000000001,161.75000000000006,438.5,94.88888888888899,0.21034367756231828,0.35221923894885543,1080.5,19.615045245933032,29.847230070094326
196.asc,147.5,133.0909090909091,402.3636363636364,72.66666666666667,0.1291801871555179,0.21337857050057654,809.4545454545455,14.993111365882402,13.957077057894322
197.asc,195.4,145.33333333333334,377.55555555555554,80.00000000000009,0.32913433355746835,0.07863302125691257,930.4444444444445,64.57228698840999,66.77948786865619
198.asc,284.5,148.0,425.4285714285715,90.5,0.1764842065313731,0.09973926412286872,1127.75,22.348098353103783,27.370474185568234
199.asc,232.44444444444446,161.42857142857142,427.75,94.4444444444445,0.6360283804304222,0.27424997651895083,1052.75,19.517620244281833,19.078784028338912
200.asc,212.6,139.99999999999994,442.66666666666674,63.2,0.4558841959782658,0.3059313711101286,972.8888888888889,55.458582031888035,49.49747468305833
201.asc,288.54545454545456,228.0,397.0,80.54545454545455,0.2062873497763273,0.06357782186904598,871.4,70.03456289575882,84.69553313683865
202.asc,182.16666666666666,121.0909090909091,351.8181818181818,73.0,0.45710152944250065,0.14758423794816336,798.0,36.58116753442703,21.82658928921328
203.asc,162.36363636363637,153.19999999999996,259.59999999999997,50.545454545454525,0.7216719286824896,-0.05278804928651151,865.6363636363636,122.63417344226595,132.89394267610544
204.asc,218.66666666666666,167.0,287.1111111111111,98.0,0.3750658827762448,0.03128350067782287,986.0,12.110601416389967,11.291589790636214
205.asc,206.6,125.11111111111111,414.44444444444446,60.8,0.41639271000173783,0.4080007214395034,986.2222222222222,147.4718638157257,248.35559184363052
206.asc,169.49999999999997,159.8181818181818,396.3636363636364,81.16666666666667,0.42691865752799857,0.15434063447627785,808.3636363636364,48.72795114860152,50.71094556404958
207.asc,176.5333333333334,181.28571428571436,410.42857142857144,85.6,0.29089683395600663,0.08842314497596918,631.0,14.75030266033306,8.575456928844172
208.asc,171.06666666666672,148.57142857142858,365.14285714285717,96.13333333333345,0.24034123388142153,0.12430584761195916,651.2857142857143,5.836199490232999,4.898979485566356
209.asc,173.73333333333332,148.0,360.00000000000006,87.06666666666666,0.4383200539402529,0.060574120549110384,650.7142857142857,15.649867965798908,20.828973902863144
210.asc,207.71428571428564,122.66666666666667,318.3076923076923,82.28571428571422,0.3727629991379007,0.1874979984181014,694.9230769230769,7.985193398375987,6.454972243679028
211.asc,200.0,169.63636363636363,358.72727272727275,82.9090909090909,0.41212103959442176,0.048218437073999726,815.4545454545455,111.50569788650724,186.9277935460642
212.asc,197.3846153846154,100.66666666666667,380.6666666666666,75.99999999999997,0.4234445634797216,0.2170984827597239,723.8333333333334,17.989966339292828,14.193468408199085
213.asc,185.8,152.44444444444446,274.22222222222223,94.0,0.6604740604747535,-0.004361748179824862,931.1111111111111,30.377054368367673,33.12099032335839
214.asc,364.0,144.0,255.5,112.4,0.04425682864878438,0.05394125517053172,1830.8,1306.8194060389524,2347.2677733910123
215.asc,188.83333333333334,204.22222222222223,260.72727272727275,59.0,0.5572593675976146,-0.05893503464497524,792.0,94.7954736165278,158.9641469011173
216.asc,200.36363636363637,239.55555555555554,416.4,96.90909090909095,0.47423206405888957,0.2121258416598735,915.4,12.839003076563227,14.157840387730202
217.asc,234.44444444444446,180.75,441.0,94.88888888888891,0.2554699564068983,0.10601055609219982,1004.25,31.295966193744523,36.676189239653255
218.asc,203.83333333333334,122.36363636363636,360.54545454545445,86.0,0.7341992304902433,0.11892215751115771,780.7272727272727,6.1657545301138805,5.138093031466052
219.asc,187.0,168.1818181818182,301.6363636363636,104.66666666666667,0.6749272461782169,0.0007092773244937997,830.7272727272727,42.897533112143385,25.09183134009951
220.asc,197.4,147.42857142857142,403.55555555555554,102.4,0.6599732672444392,0.3016285238553013,985.5555555555555,113.96209029625315,121.49074038789952
221.asc,196.99999999999991,171.75,454.5,72.4,0.4602318077174846,0.2364336692290136,943.3333333333334,37.62977544445356,42.69074841227312
222.asc,155.57142857142853,156.46153846153845,382.46153846153845,91.85714285714279,0.7610298036890135,0.14914946013239816,709.2307692307693,17.86338690495104,22.744962812309307
223.asc,245.77777777777777,162.75,450.25,75.55555555555556,0.4040909813280751,0.40061055318937,1049.5,264.85986860979904,185.98924700100272
224.asc,171.27272727272728,146.2,367.4,86.72727272727273,0.4704822329068811,0.07038403073069449,876.2,16.061133210331082,11.813363431112899
225.asc,215.0,229.55555555555546,396.8888888888888,110.39999999999998,0.529839394030904,0.13388094308890464,882.4,37.26446028054076,40.27130216143722
226.asc,205.71428571428572,134.30769230769232,206.6153846153846,62.857142857142854,0.11359029251160756,0.03087625288962891,713.0769230769231,67.40287775009375,61.897765172365744
227.asc,233.5,143.14285714285714,424.2857142857143,74.0,0.5367707445003393,0.16976604023771336,1143.75,47.86896176020533,66.1858854180514
228.asc,171.84615384615392,157.33333333333334,388.8333333333333,102.00000000000007,0.4998994379923571,0.24359108573810553,732.8333333333334,17.989966339292824,17.65322530407301
229.asc,187.2,159.6,422.5999999999999,93.40000000000005,0.6585702690794307,0.12280312106853611,929.0,22.02271554554524,19.470775822013643
230.asc,180.3333333333333,161.45454545454552,306.3636363636364,102.66666666666663,0.4311718254746364,0.014454029134172977,775.2727272727273,16.498434686582787,16.06237840420901
231.asc,186.2,130.0,414.2857142857143,77.8,0.5430374194402148,0.18215255738461927,907.7777777777778,8.134668985654722,8.06225774829855
232.asc,271.75,161.42857142857156,475.14285714285717,71.25,0.8828585146016001,0.21965821810139058,1211.4285714285713,7.537660547584525,9.695359714832659
233.asc,184.30769230769232,142.83333333333337,408.0,99.07692307692308,0.33561077825180197,0.2224060027068959,749.6666666666666,51.7354381015137,43.45530619341712
234.asc,193.45454545454538,136.8000000000001,292.4,69.81818181818181,0.06337801016517774,0.05905076370760607,873.0,150.80384610479933,231.5080992103732
235.asc,153.83333333333334,138.0,280.72727272727275,47.00000000000002,0.12449691051224343,0.05874529571761131,792.0,44.851269364828056,34.87119154832539
236.asc,271.4999999999999,190.28571428571428,494.0,72.25,0.46095298842499943,0.31612657500590613,1184.2857142857142,31.79269586247888,34.438350715445125
237.asc,145.46666666666667,150.7692307692308,345.42857142857144,77.73333333333333,0.5448920321972602,0.056418239036425386,626.0,18.8072934180941,19.398651816755006
238.asc,172.33333333333334,139.45454545454538,384.1818181818182,73.0,0.14672303215858984,0.1271923494140989,792.7272727272727,28.683510971512757,29.913207785190806
239.asc,202.0,145.11111111111111,391.55555555555566,51.2,0.42216460873371886,0.15578870929824654,937.3333333333334,18.714225130157597,23.010866998007703
240.asc,141.99999999999994,145.59999999999994,344.26666666666665,64.625,0.24910326508998526,0.05308771192605435,628.5333333333333,22.324475855487005,17.08800749063506
241.asc,168.13333333333333,185.28571428571422,325.7142857142857,81.2,0.33681480958969096,0.03543693028797559,662.8571428571429,43.12582445233804,53.233881634220076
242.asc,178.9090909090909,177.2,438.8,81.81818181818181,0.6040069332276767,0.2995902405592236,877.6,73.61956261755431,48.1525354126516
243.asc,166.5,123.0909090909091,294.0,102.83333333333333,0.7140109417701167,0.05024131277733499,799.6363636363636,72.58258334448202,82.07801167182353
244.asc,192.6666666666666,165.27272727272737,337.27272727272737,72.33333333333326,0.642133858783453,0.03797101097205387,793.2727272727273,24.558245825313524,30.44339008717656
245.asc,243.33333333333334,226.33333333333334,490.25,133.11111111111106,0.5683948857633179,0.19917697570323606,1108.75,27.403238859667667,35.94440151122286
246.asc,210.79999999999995,174.75,466.0,75.6,0.75578083752336,0.19857455712719516,976.2222222222222,17.319082460798857,22.293496809607955
247.asc,228.30769230769232,183.00000000000003,374.3333333333333,109.99999999999999,0.32772969613032843,0.12291218361044844,683.5,177.10660631382444,312.35527557865606
248.asc,,,,,,,,,
249.asc,135.28571428571428,139.0909090909091,360.90909090909093,71.71428571428574,0.6092258103177756,-0.012400709553316151,663.6923076923077,49.3704748506863,68.84281613453457
250.asc,233.75,181.14285714285714,519.7142857142857,72.25000000000011,0.6126596314184252,0.18870799064403804,1237.4285714285713,18.383666219594758,26.025628394590846
251.asc,166.54545454545453,141.8,238.4,59.27272727272727,0.3159407226226094,-0.00410288031041767,835.8,14.545102268461365,18.135294011647257
252.asc,166.6153846153846,140.83333333333334,348.6666666666667,92.92307692307692,0.54556354832488,0.14222911138580918,743.5,10.037429949942366,13.087120663947715
253.asc,170.54545454545462,110.8,414.8,84.18181818181826,0.6792275252731216,0.2093294669196119,876.0,14.587666023048376,15.20233900132184
254.asc,208.6,133.11111111111111,448.0,105.4,0.6672058753718636,0.1276914782318896,968.6666666666666,20.848661028149184,28.982753492378876
255.asc,153.76470588235293,135.49999999999994,220.7500000000001,89.29411764705883,0.1801993969508961,-0.03147624626807587,558.75,3.59687364248454,4.531372124791048
256.asc,200.44444444444446,232.0,446.25,88.44444444444444,0.8519463207385024,0.2070512795169783,1061.5,24.550967394381836,16.0
257.asc,211.33333333333334,113.81818181818186,362.00000000000006,88.66666666666667,0.5461084744482675,0.06459568622151951,811.6363636363636,11.113241301771728,10.881176406988354
258.asc,186.5,177.63636363636363,265.09090909090907,84.33333333333333,0.5519391143799909,-0.02027681555279243,832.3636363636364,196.25552579471153,323.5144509909874
259.asc,186.36363636363637,192.8,468.8,104.0,0.8307497523346604,0.2591058247424393,902.0,19.328735085359313,22.44994432064365
260.asc,201.27272727272728,111.79999999999991,379.2,125.27272727272727,0.8927933901868673,0.3246838250085716,922.8,28.42815505797026,28.7981480886069
261.asc,218.0,171.8,481.2,74.5,0.6551911124563532,0.20574962903346536,761.0909090909091,109.50587742255045,170.07057358637914
262.asc,189.64705882352936,209.73333333333332,394.26666666666665,104.82352941176471,0.7286355343075938,0.07525066087230875,593.75,17.56238878968348,4.560701700396552
263.asc,175.86666666666667,171.84615384615384,275.3846153846153,75.6,0.2820132516077944,-0.02515283578865708,638.1428571428571,65.75914617847808,101.99396663905777
264.asc,198.39999999999998,99.11111111111111,389.55555555555554,110.0,0.6365051553455029,0.19518642581631734,939.1111111111111,12.792744857443783,15.016657417681207
265.asc,130.25000000000003,160.0,236.0,58.37500000000003,0.6885898209913629,-0.07870102841540717,608.6666666666666,6.719788356455547,8.194074514114277
266.asc,192.72727272727263,146.44444444444423,249.5999999999999,101.45454545454545,1.2600928276281174,-0.08053715197581471,895.6,23.182752209347363,22.92984469589312
267.asc,176.00000000000006,180.72727272727278,366.0,87.28571428571435,0.6024086244838557,0.1232345425942309,676.7692307692307,23.981255007108704,29.676028485406647
268.asc,180.0,125.4,266.8,98.0,0.9673182014052398,-0.040648265992384525,897.4,6.755738301621815,9.545214042184236
269.asc,164.0,147.8181818181818,430.54545454545456,80.66666666666667,0.3703180622720821,0.19498468226566065,820.3636363636364,42.11515107907395,27.10719461692781
270.asc,159.06666666666666,99.71428571428571,329.0,90.13333333333334,0.6198111111204063,0.15501976727577463,633.4285714285714,14.859889855938105,8.539500976232564
271.asc,,,,,,,,,
272.asc,204.8,212.88888888888889,406.0,67.8,0.37495089291584344,0.0470362276957732,978.0,12.823589374447563,15.0996688705415
273.asc,167.28571428571428,158.16666666666663,200.30769230769226,75.85714285714286,0.6562817062666239,-0.01456786114370481,708.6153846153846,31.352925177082973,39.28103868280471
274.asc,199.38461538461542,263.2000000000001,476.0000000000001,66.15384615384622,0.6795388477597287,0.00033718089267468013,727.1666666666666,161.15511851077588,253.89475271172
275.asc,174.6,128.44444444444446,360.66666666666674,83.4,0.2453441721185401,0.10988131423444934,899.6,24.78386571945547,43.0090429767715
276.asc,301.0,213.33333333333334,522.0,96.0,0.8506666466630943,0.06966361235093414,1223.4285714285713,172.78794364592616,251.15068518056378
277.asc,180.0,139.66666666666666,372.0,100.76923076923077,0.5303546861295303,0.18035393877351824,728.3333333333334,10.9188929027728,5.656854249492381
278.asc,260.22222222222223,163.0,475.0,93.99999999999997,0.5814463366063125,0.07217761314516902,1096.5,28.385735854474515,40.82016308499654
279.asc,212.14285714285714,222.50000000000003,455.5,104.85714285714286,0.3588188139484348,0.21500020720108734,693.6923076923077,29.94195568193854,35.823642100341125
280.asc,237.5,264.85714285714283,481.42857142857144,99.50000000000011,0.5841124814663923,0.032524671171147664,1147.4285714285713,35.257652230633944,47.60252094164762
281.asc,232.75,281.3333333333333,503.14285714285717,82.75000000000011,0.6289277680410688,0.1155439851003696,1216.857142857143,24.58471401634166,40.8166632639171
282.asc,200.72727272727272,157.4,419.2,91.0909090909091,0.44906602901597414,0.21113868538165462,854.2,14.23938200906205,11.234866364235145
283.asc,173.375,171.06666666666666,389.8666666666667,90.875,0.4657932859995816,0.20074190361516653,604.2666666666667,14.120749114531975,11.551128578133454
284.asc,214.88888888888883,197.50000000000003,488.75,111.5555555555555,0.6654336276428569,0.037374231435676246,1086.25,17.188295436139093,18.236541025409082
285.asc,198.49999999999991,134.18181818181827,392.7272727272728,68.0,0.6538081419048918,0.13971356078039132,818.9090909090909,30.395736978173122,21.98181066245454
286.asc,159.71428571428572,148.92307692307685,260.9230769230769,58.285714285714285,0.11772806358795827,0.0010497066547279067,690.1538461538462,8.681068295179006,8.660254037844387
287.asc,178.5454545454545,121.8,206.2,71.09090909090905,0.9286458625653643,-0.06683366609004751,877.0,2.4083189157584592,2.4037008503093262
288.asc,225.2,143.33333333333334,310.22222222222223,115.4,0.9821094832556408,-0.06603222526438371,968.0,10.110500592068734,15.921683328090658
289.asc,173.4,166.0,427.7777777777778,73.0,0.2551215141757199,0.14747703386613312,862.6,214.60857392005568,390.59953917023506
290.asc,,,,,,,,,
291.asc,212.1818181818182,174.0,243.33333333333334,107.45454545454545,2.813522015737472,-0.21131907446194262,825.4545454545455,3.420888676768505,4.69041575982343
292.asc,191.33333333333334,175.63636363636363,411.09090909090907,107.0,0.35899286082875026,0.0656926174043098,770.5454545454545,7.139692333117041,9.777525249264253
293.asc,175.83333333333334,158.0,399.8181818181818,91.5,0.6525814713833863,0.13874291741101905,788.7272727272727,19.95035159904757,12.312595177297109
294.asc,222.2,171.33333333333343,411.55555555555554,97.6,0.6705482971297011,0.14468745860148147,1005.1111111111111,68.41124736059194,67.01492371106603
295.asc,156.0,148.66666666666657,368.0,89.69230769230772,0.17378575690383957,0.12960051814626017,748.5,37.050641020095725,24.487473606649658
296.asc,188.0,106.90909090909086,280.72727272727275,89.5,0.500106099166529,0.04914650066954831,831.2727272727273,14.851329350299736,16.087262041752165
297.asc,210.00000000000003,141.66666666666666,260.5,93.83333333333333,0.61113018851805,-0.0017420203686197742,774.6666666666666,71.36447918179526,93.07865686416174
298.asc,172.00000000000006,118.92307692307692,320.61538461538464,89.00000000000007,0.7404838642622381,0.06314238250430929,697.6923076923077,11.996054578226417,12.463279397226612
299.asc,244.0,174.0,402.0,91.11111111111116,0.8756677774954653,-0.031371849031392465,1076.5,319.91522314513264,394.86055404770065
300.asc,234.888888888889,194.75,493.0,117.9999999999999,0.8827147147748666,0.020885311935191,1060.5,3.427827300200522,2.7255405754769875
301.asc,182.2,254.0,412.6666666666667,88.0,0.6862774507186143,0.21156832418165136,949.5555555555555,19.431424212177046,21.6794833886788
302.asc,227.1999999999999,207.55555555555546,401.9999999999999,100.2,0.33251734811994,0.004376455325895262,977.7777777777778,103.10919538450247,114.62111498323509
303.asc,221.77777777777771,140.75,329.75,110.66666666666667,0.7355607053203386,-0.008013353790599954,1150.75,15.872539179349976,22.70305202893592
304.asc,196.99999999999991,182.18181818181827,475.6363636363636,104.5,0.3582917732389772,0.21481682617047523,796.3636363636364,12.234620975462345,12.361229712289955
305.asc,203.4,236.28571428571428,492.5,97.4,1.0681226828129173,0.2824818848244413,992.6666666666666,43.74674591072778,52.076866265166146
306.asc,250.72727272727263,111.11111111111109,380.6,105.63636363636364,0.760830603152664,0.20946645157733954,869.0,45.54777711370775,28.534579412043595
307.asc,223.9999999999999,158.2499999999999,451.2499999999999,87.77777777777777,0.5797958275783391,0.15973840637254075,1025.75,12.305994474238968,16.91997973656335
308.asc,242.0,189.55555555555554,518.0,126.8,0.9284270516717885,0.10138290727632257,977.3333333333334,305.0100180504095,386.9651147067394
309.asc,170.72727272727272,178.4,376.0,98.36363636363636,0.5304516373018761,0.05242256319827811,928.6,16.2,11.075498483890767
310.asc,178.13333333333333,158.28571428571428,343.14285714285717,76.93333333333334,0.38312244721256783,0.0627022011150135,664.2857142857143,93.17221272723857,129.09269180291764
311.asc,210.72727272727272,143.6,379.6,86.36363636363636,0.799731260763203,0.0418240406436458,842.8,8.541662601625049,8.137703743822469
312.asc,219.77777777777777,146.0,357.25,90.0,0.8875279934554153,-0.033157633148860395,1097.0,3.7416573867739413,6.928203230275509
313.asc,159.71428571428578,180.5,288.0,56.28571428571441,0.2595418948720519,0.004565545916382083,673.3846153846154,203.88440860204568,286.3150944909006
314.asc,213.50000000000003,147.14285714285714,408.85714285714283,92.25000000000003,0.9259806788496296,0.14226093617423755,1116.2857142857142,94.10892516609871,115.96263766115935
315.asc,180.49999999999991,182.90909090909093,418.1818181818182,94.9999999999999,0.420553200391611,0.09812669656007392,841.0909090909091,48.590037410329195,57.68535342701819
316.asc,154.1818181818182,186.0,363.6,68.54545454545455,0.7367439100913665,0.04955575491054715,830.2,41.870753516028344,37.380922050336494
317.asc,194.66666666666666,223.45454545454547,375.09090909090907,90.16666666666667,0.7733078665303251,-0.03927214832920415,796.0,85.0326140639311,105.92827762217226
318.asc,208.15384615384616,145.66666666666666,284.0,95.6923076923077,1.0720095064967223,-0.04865851429093802,766.3333333333334,42.42509739398236,47.2132492960494
319.asc,225.20000000000005,202.4444444444444,414.44444444444457,114.8,0.9231868121147773,0.3244163573551504,950.4444444444445,11.804999986927488,13.80217374184226
320.asc,243.55555555555554,266.57142857142856,539.7142857142857,127.77777777777777,0.7343815565243843,0.14826814132504654,1111.25,79.73667600295362,82.7768083462995
321.asc,156.00000000000006,199.07692307692307,387.84615384615387,93.7142857142857,0.6084350906553102,0.0037640449625683204,652.0,10.076629473115577,10.424330514074594
322.asc,230.0,170.22222222222223,445.77777777777777,84.2,0.4142674007201767,0.17868042403917367,945.6,178.95876620048543,182.87943812492668
323.asc,181.66666666666666,102.36363636363636,242.54545454545453,82.5,0.38434339432107884,0.014458083176624089,770.9090909090909,10.492027670002551,16.443843832875572
324.asc,188.66666666666666,168.7272727272728,397.0909090909092,109.0,0.5478747597862978,0.12035765030388412,778.0,11.473289137660727,10.019980039900279
325.asc,153.5,129.8181818181818,222.36363636363637,59.166666666666664,0.29061673049048886,-0.008757646738290253,816.9090909090909,20.11536972500266,12.946041866145807
326.asc,223.55555555555554,160.0,397.5,68.0,0.34241888807972476,0.04658183816521739,1024.2222222222222,22.55747118302137,23.2163735324878
327.asc,210.3636363636364,171.7777777777777,490.44444444444446,101.45454545454541,0.5733869875883015,0.16983231261912404,914.2,40.33311294705629,53.057620669524105
328.asc,143.2727272727273,176.15384615384616,237.99999999999994,51.54545454545459,0.4381674713706425,-0.07596844441939547,394.7826086956522,4.520066580301575,5.427204202399745
329.asc,,,,,,,,,
330.asc,286.8333333333333,152.75,345.5,109.0,0.6527625609736412,-0.0723990391919709,778.1666666666666,67.13398708718425,74.92784407803163
331.asc,169.69230769230768,208.0,427.33333333333326,72.92307692307692,0.46301617379363874,0.15405108686778848,701.0,39.9791612384919,22.59525292059052
332.asc,175.45454545454547,140.4,392.8,86.9090909090909,0.1154418682237576,0.16477826385912922,873.6,9.32952303175248,10.154364141151877
333.asc,174.00000000000006,187.33333333333326,426.1666666666666,61.2307692307693,0.5599389538032903,0.0598863396632099,767.8333333333334,10.27807807369106,10.018165319240662
334.asc,192.72727272727272,169.6,434.6,103.45454545454545,0.20588746698014623,0.1513756060370599,939.6,13.35065541462291,9.16515138991168
335.asc,170.54545454545453,120.8,384.6,96.18181818181819,0.318955149419982,0.2102518408869317,832.6,30.95868214249437,20.773915267843844
336.asc,160.8,136.0,304.85714285714283,71.6,0.35443651777235435,0.01170249294437894,618.2857142857143,6.13454587245254,5.173898991015458
337.asc,186.0,161.49999999999997,386.4,85.27272727272727,0.28173241220279094,0.1581565284669818,885.8,73.99702696730456,76.25104735164116
338.asc,,,,,,,,,
339.asc,214.40000000000006,236.33333333333334,335.5,83.06666666666666,0.4321826370861869,-0.06292519662750386,644.0,43.33260072640789,45.62050820881733
340.asc,196.66666666666666,136.9090909090909,336.72727272727286,57.666666666666664,0.28810453428130217,0.05265934735547168,754.5454545454545,5.598110661214783,7.92464510246358
341.asc,197.07692307692307,167.50000000000009,223.50000000000009,54.46153846153846,0.27365099559202094,-0.0015581545430294746,747.1666666666666,187.02844406370087,289.3164357584961
342.asc,201.00000000000009,165.45454545454547,349.8181818181818,75.00000000000007,0.5535720654127313,0.024780137768482847,846.0,56.837887491931426,84.63568987135392
343.asc,,,,,,,,,
344.asc,203.8333333333333,138.54545454545453,410.54545454545456,78.66666666666663,0.24644015795414487,0.23072377617666504,807.4545454545455,84.4881526244023,64.28996811322898
345.asc,134.75,174.13333333333327,394.93333333333334,63.625,0.2938687022515981,0.15701874390957593,623.4666666666667,33.81097783593699,22.62110266353711
346.asc,206.88888888888889,212.8571428571428,462.75,79.77777777777777,0.6101443422210325,0.16967752385785662,1076.5,19.94367067517913,27.93870842704488
347.asc,164.15384615384608,156.16666666666666,389.3333333333333,82.30769230769224,0.6331703777068299,0.17691048153444563,737.6666666666666,15.552777529717607,15.724907862137929
348.asc,189.45454545454547,159.8,423.6,78.0,0.2929614204817464,0.36825081371572027,892.6,62.41826655715456,46.59041389241639
349.asc,229.00000000000006,170.0,297.77777777777777,133.8,0.27852847455646784,-0.011691796819297884,1004.0,243.06377763870947,362.40929899769407
350.asc,212.7999999999999,152.22222222222223,397.77777777777777,67.99999999999991,0.48040044114978836,0.35007281143311236,939.1111111111111,12.792744857443783,12.98075498574717
351.asc,156.0,105.99999999999996,430.0,77.27272727272727,0.5906928935859134,0.1822795947709192,924.2,35.84912830181509,37.17227162520173
352.asc,185.69230769230768,197.0909090909091,368.8333333333333,110.46153846153847,0.4710820752562344,0.20819152949191455,754.1666666666666,17.691020949120553,11.599373023808422
353.asc,193.0,162.76923076923077,377.84615384615387,87.57142857142857,0.5164673283646539,0.08511636891214598,678.6153846153846,7.741381923328691,5.916079783099616
354.asc,224.44444444444446,145.5,413.0,96.0,0.6005650857559518,0.43414741406302043,1076.75,95.13115945892807,122.07725890950019
355.asc,193.86666666666667,142.54545454545453,380.0,112.0,0.5182748539057019,0.09327744717983356,638.5714285714286,228.40994295524072,418.32670339010247
356.asc,224.4444444444444,164.75,443.75,77.11111111111103,0.7189672414379713,0.36979164071685944,1071.5,71.2302604235026,91.62033461129529
357.asc,225.33333333333334,185.0,429.75,51.55555555555553,0.3743446505730639,0.23927774951296005,1040.5,36.452023263462344,47.56349140134389
358.asc,166.6153846153847,168.50000000000009,392.50000000000006,75.84615384615391,0.24624388601148756,0.1678145938494971,720.5,56.36266494764065,38.40927918189467
359.asc,166.15384615384616,142.5,381.6666666666666,75.07692307692308,0.13101606391154133,0.25734951734686756,732.0,32.03123475609393,18.59618729251192
360.asc,205.4,165.2,432.2,80.20000000000005,0.6301613788296991,0.28792560266677913,925.4,7.045565981523414,8.640987597877148
361.asc,194.71428571428572,127.00000000000007,333.3333333333334,93.14285714285714,0.876471604446475,0.059438288660770264,688.1538461538462,15.461347109416753,14.375905768565216
362.asc,198.33333333333326,214.0,412.54545454545456,80.16666666666656,0.42199665827567623,0.22659190762681433,812.0,51.13262612604065,58.30265860147374
363.asc,221.8000000000001,154.66666666666666,448.22222222222223,77.60000000000018,0.13915008415425148,0.2689958764813409,974.4444444444445,44.719151033263174,54.52522352086234
364.asc,251.75,239.71428571428572,451.42857142857144,108.5,0.6465664222003098,0.1316474450189004,1176.0,45.39351747299859,83.85702117294652
365.asc,176.8,139.55555555555554,396.8888888888889,90.19999999999997,0.2929438299214508,0.1984501980414786,907.0,27.687542325024083,40.33746535308225
366.asc,189.0909090909091,130.2,354.6,97.63636363636373,0.8277573959931321,0.09514359445161522,855.4,30.58169387068022,32.910653459193284
367.asc,181.8181818181818,156.79999999999995,431.8,65.63636363636368,0.2029846151144514,0.14921335587908896,910.2,52.44768822360047,32.15241480476665
368.asc,213.3333333333333,171.24999999999994,437.99999999999994,77.11111111111103,0.6738230815266567,0.30456766308315253,1047.25,43.63413228196477,65.03625362606833
369.asc,177.2,168.0,410.57142857142856,72.13333333333334,0.08858930248519728,0.2072539830932133,618.5333333333333,11.014334094967138,8.5690472882679
370.asc,180.1818181818181,152.59999999999997,421.4,87.81818181818181,0.04439234610784367,0.1673299201922657,877.4,160.2149805729789,211.09871308623997
371.asc,185.27272727272728,163.49999999999994,410.6,61.81818181818182,0.446348811303026,0.26224513202494665,897.2,59.8411229841152,51.18593556827891
372.asc,212.5999999999999,126.25,305.3333333333333,108.1999999999999,0.9872378904249872,-0.07614824786826592,901.5555555555555,14.989708403591157,27.08320512790168
373.asc,238.5,182.28571428571428,547.1428571428571,126.75,0.5610435197777941,0.3152440804409459,1141.142857142857,308.72615168575186,300.66038426548096
374.asc,170.15384615384616,147.63636363636363,326.72727272727275,52.7692307692307,0.14260997700117348,0.07309050968069154,728.3333333333334,112.30860261895444,166.2943720689855
375.asc,282.28571428571433,193.33333333333348,392.6666666666667,70.57142857142857,0.8818007012517233,-0.02973029420583953,1319.3333333333333,28.464402720278922,48.579831205964474
376.asc,200.39999999999992,163.11111111111111,413.3333333333333,120.6000000000001,1.086530698799528,0.22030418835860752,948.2222222222222,22.79267805325882,20.149441679609886
377.asc,214.1666666666666,199.45454545454538,331.81818181818176,58.99999999999992,0.4823204160965209,-0.06018030831516374,852.0,2.696799449852968,4.979959839195493
378.asc,139.11111111111111,151.73333333333332,258.53333333333336,74.11111111111111,0.5919072475202164,0.018400372911591845,548.7058823529412,111.05471079124621,178.1972222005719
379.asc,175.1666666666666,125.0909090909091,381.09090909090907,70.16666666666659,0.6131697654511489,0.22095913629101235,824.5454545454545,58.83777950875322,58.51837318312942
380.asc,175.07692307692315,189.27272727272728,278.0,55.2307692307693,0.5977475208273821,-0.02243752681600678,734.8333333333334,19.467208896557878,17.056057308448835
381.asc,178.16666666666666,154.36363636363632,414.54545454545456,97.5,0.3918439681124409,0.11774574589878896,815.4545454545455,15.352604969152399,20.287927444665215
382.asc,223.55555555555554,158.24999999999994,461.24999999999994,94.22222222222223,0.5114611414884025,0.34735433129630766,1106.75,47.3702174366975,49.5753394916695
383.asc,157.75,160.26666666666674,380.26666666666665,88.5,0.3966383214773278,0.07628282543783767,608.8,6.725077446889862,8.34950811211569
384.asc,182.54545454545453,138.6,379.8,79.45454545454545,0.37268924527825303,0.13664696418866298,832.2,53.14470810908646,57.40305837767802
385.asc,173.63636363636363,169.2,397.0,114.36363636363636,0.7667519307955615,0.2008892848375571,905.2,67.17856801093635,73.3515128981294
386.asc,264.8888888888889,156.5,453.2499999999999,78.66666666666667,0.14472749784812397,0.15945904386332418,1080.5,63.40149840500617,104.60264951574739
387.asc,178.33333333333334,131.45454545454547,387.63636363636357,74.33333333333333,0.08787391608144025,0.08128953198265397,783.4545454545455,13.67388776506412,21.307275752662516
388.asc,183.0,131.11111111111111,407.3333333333333,85.8,0.2205155359170483,0.3328841723635905,985.5555555555555,99.51338392521338,101.00495037373169
389.asc,209.2,196.44444444444446,433.4,112.8,0.4838657844493542,0.15778491668955244,903.0,52.316345438113316,69.11504097437032
390.asc,203.07692307692307,165.5,430.0,106.92307692307692,0.21436023827290343,0.1730902046648806,737.1666666666666,52.02216407989536,32.87441669029692
391.asc,180.92307692307696,114.0,360.3333333333333,95.69230769230772,0.7556957950006772,0.14718586602238887,764.1666666666666,23.028364152834556,17.969671419063037
392.asc,200.66666666666666,140.9090909090909,238.36363636363637,63.5,0.18356045041775396,-0.0016065984039916501,812.9090909090909,128.16853573993507,130.87092878099398
393.asc,199.33333333333334,192.24999999999994,454.49999999999994,111.11111111111114,0.3608962283872777,0.23064399514338194,1052.5,63.37783524229902,88.9815390163279
394.asc,171.0909090909091,142.2,363.2,70.0,0.6917373017628025,0.23658273328639037,882.2,99.43621070817211,100.98404714497126
395.asc,152.61538461538456,176.6,401.09090909090907,75.38461538461532,0.4751573491341207,0.16727871103195963,758.8333333333334,38.785378115412975,31.246818019818217
396.asc,193.33333333333334,179.0,447.5,107.11111111111111,0.5174608475398538,0.25315440685260376,1091.0,21.470910553583888,35.673119131517346
397.asc,189.4,170.44444444444446,430.44444444444446,83.0,0.7359771120258387,0.3042458281487631,904.2222222222222,17.699829112657667,14.439529078193651
398.asc,218.22222222222223,126.75000000000011,436.0,92.88888888888889,0.467068809990494,0.15756593847328026,1043.5,14.620191517213446,19.871012627874375
399.asc,200.66666666666677,156.9999999999999,302.9999999999999,78.88888888888899,0.2868663679667989,0.012793289891909733,989.5,6.7638746292343415,6.546536707079771
400.asc,246.13333333333333,177.0,369.85714285714283,156.13333333333327,0.7808052099943266,0.0011031055443044655,638.7142857142857,10.017331919004691,11.286479317511523
401.asc,191.6,171.8571428571429,311.57142857142856,116.80000000000001,0.3173495980079767,0.008416709663736486,632.8,2.6127890589687235,3.3806170189140663
402.asc,219.50000000000006,172.25,450.5,109.25,0.46129506661739683,0.18746092147347557,1175.25,20.686650284664264,33.645207682521445
403.asc,211.4545454545455,159.4,406.9999999999999,90.54545454545459,0.661741774140519,0.26609024521480434,891.0,13.274034804836093,12.788884062167252
404.asc,156.42857142857142,149.2307692307693,257.8461538461539,69.85714285714286,0.9456600982800181,-0.033856927357333165,703.5384615384615,4.970921360431851,4.760952285695233
405.asc,217.99999999999991,199.9999999999999,282.2222222222221,63.81818181818165,0.5124463026048813,-0.046224425090861346,871.0,82.71517394045665,104.43924336931762
406.asc,,,,,,,,,
407.asc,166.3636363636363,121.8,378.8,92.90909090909089,0.3701159864494723,0.2616898954993816,868.8,58.14602307982894,49.6923870762246
408.asc,215.33333333333334,193.5,418.25,125.33333333333333,0.27253495263887695,0.03852085967092641,1078.0,148.64050591948347,167.115015996255
409.asc,229.77777777777777,157.75,416.25,86.88888888888889,0.7135116733282592,0.10565895860379942,1084.25,7.378177281686853,11.338934190276817
410.asc,241.00000000000009,276.75,493.1111111111111,108.0,0.7096472588019431,0.15391693801637574,979.5555555555555,108.2867706202287,122.90443441959285
411.asc,208.44444444444446,186.00000000000003,447.5,92.88888888888886,0.8603088537477424,0.3690105522042108,1051.25,27.927361135631845,26.370979720681056
412.asc,267.0,167.14285714285703,450.28571428571416,82.0,0.346176454073696,0.31809954586582645,1136.2857142857142,47.03103621383372,74.61456515542615
413.asc,203.0,150.0,404.6666666666667,84.6,0.39604995432568824,0.190481685853274,942.2222222222222,71.55072447459568,102.9465880930495
414.asc,176.1666666666667,120.0,374.1666666666667,83.66666666666667,0.9245257248099447,0.23127368121781336,737.5,8.60716755578357,6.120011883529758
415.asc,137.25000000000006,149.60000000000008,245.3333333333334,49.87500000000006,0.36922890170377287,-0.034311073390811256,575.6,160.9061009823224,173.63590807038898
416.asc,204.66666666666674,166.1818181818181,399.8181818181818,101.5,0.20081627905386376,0.17285012294448057,833.8181818181819,7.649339624713683,7.6681158050723255
417.asc,211.69230769230768,138.66666666666666,240.83333333333334,106.76923076923077,0.9507880970067311,-0.003792818661792968,660.4615384615385,29.311629051165617,46.22769732530488
418.asc,208.54545454545453,176.8000000000001,344.0000000000001,65.27272727272727,0.10728828974847034,0.0191749654031786,867.6363636363636,20.44626094856611,21.004761364985796
419.asc,174.92307692307693,174.33333333333326,354.6666666666666,85.6923076923077,0.5828789073190949,0.12694775344371384,750.3333333333334,94.04549726358809,166.04928074630024
420.asc,171.76470588235293,151.0,310.8,69.52941176470586,0.2643086260787989,0.20440964795783456,571.375,109.68299492172886,173.19969207055
421.asc,236.66666666666666,170.2500000000001,413.7500000000001,120.44444444444444,0.97460608051786,0.02122246000884612,1058.25,23.290287675337975,26.62973633258236
422.asc,242.22222222222223,290.4999999999999,525.5,128.0,0.8339363127668384,0.20987783537514185,1059.7777777777778,63.76654953426736,63.769114781373595
423.asc,170.42857142857142,156.30769230769226,383.2307692307692,81.57142857142857,0.27514997372153754,0.0948853065205415,728.3076923076923,40.96412053978009,34.11255878216506
424.asc,165.1666666666667,132.0,379.45454545454544,86.66666666666674,0.4498548911201928,0.22513812901891173,793.0909090909091,63.6202577021081,83.85225101331508
425.asc,179.23076923076923,234.3636363636363,412.83333333333326,99.23076923076923,0.9897448070797694,0.20894052712099873,787.0,37.027017163147235,17.393833808147487
426.asc,187.8181818181818,188.7499999999999,372.1818181818181,72.36363636363636,0.3024869670342513,0.2057404080467057,853.0909090909091,86.5557671472345,101.51453097955977
427.asc,192.2,125.6,388.6,113.4,0.9849720503701682,0.27325708606775445,922.8,32.25151159248198,30.35347316755256
428.asc,208.33333333333334,170.0,460.1818181818182,81.0,0.630378858994397,0.2149352704824975,813.0909090909091,185.60439578721508,270.4292883546455
429.asc,195.81818181818173,216.44444444444446,438.8,88.1818181818181,0.45920786874580394,0.09112974008032827,873.4,10.316976301223145,10.306416555826871
430.asc,197.8,155.11111111111111,284.0,92.2,0.3881821592407515,0.03997502318284961,923.5555555555555,14.166557733785979,12.449899597988733
431.asc,170.33333333333334,104.0,358.1818181818182,96.0,0.47736976455789853,0.11794943244948537,801.8181818181819,15.549441275072946,22.538855339169288
432.asc,170.0,155.6666666666666,412.1666666666665,86.00000000000007,0.922850776354747,0.2012918154272933,758.6666666666666,58.97645481225726,68.53797885446102
433.asc,158.71428571428578,152.92307692307696,303.5384615384616,71.42857142857143,0.2926516164510951,0.022802298911908433,695.3846153846154,11.459215045868353,8.266397845091497
434.asc,226.30769230769232,147.6666666666667,342.8333333333333,94.3076923076923,0.21023134197494328,0.0060165612328941164,733.8333333333334,2.7638539919628333,3.2473765635439547
435.asc,223.0,130.36363636363637,341.45454545454544,71.0,0.5612187972624305,0.02569219221572379,840.7272727272727,9.35259719971759,9.2951600308978
436.asc,182.1818181818182,130.4,339.6,94.72727272727273,0.2819099266659348,0.07951507363668908,866.8,45.69638935408355,36.411231478457
437.asc,270.7500000000001,149.71428571428572,458.8571428571428,65.25000000000023,0.8115512634004944,0.18656482794175194,1196.857142857143,9.847821679779479,15.748015748023622
438.asc,241.6,147.11111111111111,430.44444444444446,104.8,0.41542909142210566,0.18572323604441138,990.0,23.28566559543064,25.406692031825003
439.asc,166.7692307692307,143.99999999999997,390.1666666666667,101.2307692307693,0.24182599050704728,0.08412996987512088,778.1666666666666,28.24250146302358,16.169556130412037
440.asc,194.1818181818182,130.2,364.4,68.0,0.22051580098760235,0.08255512273628564,904.6,28.341489022279685,27.72884579078056
441.asc,143.33333333333334,122.0,181.33333333333334,63.333333333333336,0.7959656163671345,-0.11085130147519043,342.9230769230769,14.53093008014569,13.9312598138144
442.asc,188.50000000000009,178.7999999999999,360.36363636363626,80.33333333333326,0.6060994811005807,0.02698136195691842,846.1818181818181,11.92261549873091,13.6088206689632
443.asc,203.45454545454552,150.4,373.79999999999995,91.09090909090918,0.5999803330261085,0.14472883822820073,870.8,46.64933011308951,63.52252443906107
444.asc,198.4615384615384,241.00000000000023,429.0000000000002,63.84615384615392,0.825141879761566,0.11193831651472715,778.1666666666666,131.94811690795575,198.6719543733978
445.asc,214.8888888888888,169.25,450.75,88.44444444444444,0.3885451242657646,0.3582176413518867,1089.0,13.892443989449804,17.08800749063506
446.asc,220.88888888888889,216.5,479.0,102.0,0.40708093041775223,0.14726150610517333,1062.5,19.767397400770797,23.736650383501278
447.asc,206.83333333333334,172.18181818181822,404.3636363636364,79.5,1.1247467597823995,-0.014882956532698803,814.9090909090909,9.23879710248182,9.465727652959385
448.asc,230.6,205.0,446.0,96.0,0.7335930522275241,0.03642373921544602,1011.5555555555555,83.87174217698394,102.27658578579948
449.asc,162.33333333333334,103.27272727272731,396.0,66.16666666666667,0.4910718584616885,0.19077204084439775,836.0,32.41772803435014,30.776614498674153
450.asc,223.75,272.0,535.4285714285714,101.49999999999989,0.663285996177462,0.08523359273395215,1154.0,21.487537916529334,26.178871888095816
451.asc,172.5,165.27272727272728,437.090909090909,94.66666666666667,0.13244088871020676,0.15106174933142855,781.0909090909091,13.57440469449461,12.884098726725126
452.asc,153.44444444444446,136.13333333333333,260.80000000000007,71.66666666666664,0.3705142414705066,0.00423664285273276,530.4705882352941,6.079063850712382,4.387482193696061
453.asc,201.99999999999991,156.7499999999999,435.4999999999999,126.3999999999999,0.46166825461063093,0.2651216439616906,915.5555555555555,21.01381086127836,29.154759474226502
454.asc,174.61538461538456,134.83333333333326,414.33333333333326,63.53846153846147,0.5931662806962982,0.17533606392671133,750.3333333333334,28.81936077631764,26.59459958850156
455.asc,179.83333333333334,128.72727272727278,225.63636363636363,66.33333333333333,0.5499025582740792,-0.015799314245879777,843.4545454545455,102.05913048670598,115.21111057532603
456.asc,201.84615384615384,152.83333333333334,267.99999999999994,83.07692307692308,0.3006602669993643,-0.004109932845267793,754.3333333333334,11.714188927203718,9.779384624625603
457.asc,195.0,146.22222222222223,462.0,100.99999999999996,0.31686858213450353,0.14699290669889126,944.2222222222222,14.979821818980191,16.06237840420901
458.asc,196.00000000000006,223.81818181818173,403.6666666666666,92.0,0.4137694600156264,0.2185190052379268,722.0,14.65150731722394,16.045390162116515
459.asc,171.8181818181818,137.8,227.6,76.54545454545455,0.77084386638128,-0.019446623058627495,878.6,12.745195173083856,13.131810402394807
460.asc,213.11111111111111,203.25,478.75,91.11111111111111,0.37727874085702934,0.20725537201743285,1092.5,4.330127018922194,4.47213595499958
461.asc,176.54545454545453,131.00000000000006,422.4,73.63636363636364,0.14595369975874203,0.19017954616935578,879.4,17.3908021666627,12.220201853215574
462.asc,185.85714285714292,142.46153846153854,336.0,75.28571428571422,0.3680529866161481,0.030262474358161272,704.7692307692307,19.41511641896927,16.10382977224155
463.asc,230.88888888888889,267.0000000000001,504.0000000000001,130.88888888888889,0.7065504039848673,0.015802382247817312,1035.5,13.555441711725958,10.690449676496975
464.asc,243.63636363636363,152.00000000000003,343.5,92.36363636363639,0.0366091111020972,0.007851147824166764,905.6,381.593291345642,730.4090178340717
465.asc,197.6,146.22222222222223,414.44444444444457,85.6,0.08941388741659537,0.11939784410808141,940.6666666666666,80.27729719194863,65.41788746206957
466.asc,174.72727272727263,117.0,359.19999999999993,87.81818181818181,0.48100797730718486,0.06304266275483394,915.4,29.570931672843855,26.874192494328497
467.asc,186.0,115.16666666666667,363.1666666666667,98.15384615384616,1.0490141192294709,0.08014927123179647,754.6666666666666,65.02990764939537,103.86529738079028
468.asc,202.46153846153845,171.33333333333326,442.99999999999994,97.3846153846154,0.7165232826963375,0.11587644392321242,742.5,14.309088021254185,14.746340069812085
469.asc,195.0,159.69230769230776,334.9230769230769,87.25,0.595170978627277,0.11306645930263441,578.5333333333333,118.7096551347961,162.8364648526683
470.asc,202.47058823529414,95.57142857142854,215.28571428571425,92.47058823529412,0.24591136128264063,-0.011378584210299207,578.25,4.408798022137099,3.8297084310253524
471.asc,216.44444444444454,217.0,509.25,89.11111111111131,0.8744637554145539,0.04844202460231764,1078.5,16.240381768911714,14.442002235542985
472.asc,192.0,178.9090909090909,289.8181818181818,84.99999999999996,0.5488072452521385,-0.039633502685860134,784.3333333333334,144.89268059114957,237.4431989492913
473.asc,173.46666666666673,181.99999999999994,351.2857142857143,79.06666666666666,0.5428927099223134,0.010872225674614782,647.5714285714286,154.41165494765437,283.8439441231477
474.asc,212.22222222222223,155.1111111111112,248.888888888889,54.44444444444439,0.7694254659110701,-0.021124721167117524,944.2,19.379370474811612,23.094010767585033
475.asc,237.8,231.0,395.3333333333333,97.0,0.9421745881224787,0.17009538395271465,910.6,16.877203559831827,18.74981481390031
476.asc,263.1111111111111,271.99999999999994,636.0,102.88888888888889,0.736053173051734,-0.008944986843580496,1109.0,23.57965224510319,36.063436172547796
477.asc,165.1428571428571,153.69230769230765,368.3076923076923,80.14285714285714,0.6417747438707266,0.16076213991564714,673.6923076923077,11.762944525301709,7.659416862050705
478.asc,181.45454545454547,184.88888888888889,400.4,94.18181818181819,0.6011672062687883,0.16488126500772946,873.0,41.696522636785915,29.401436094933263
479.asc,242.00000000000009,183.27272727272737,471.8181818181818,155.0,0.13250466512583894,0.08023980843062169,790.9090909090909,22.358462076947085,12.58570617804182
480.asc,175.53846153846146,137.33333333333334,284.8333333333333,75.23076923076916,0.5401213446669695,-0.004255546841238937,736.5,2.4664414311581235,2.76339711883103
481.asc,193.45454545454547,221.0,385.19999999999993,103.81818181818181,0.49465079568963655,0.16825711750012876,856.6,14.779715829473853,11.095544651395493
482.asc,221.2,156.0,243.33333333333334,89.2,0.38583697113329296,-0.034856187146748,986.6666666666666,17.435595774162696,18.12456896039186
483.asc,202.54545454545448,160.4,344.6,95.45454545454537,0.7747830164234507,-0.01956242823934111,908.2,58.70229978459106,46.67142832849903
484.asc,179.45454545454547,144.4,434.4,95.27272727272727,0.720515507087039,0.2070569768465841,867.2,9.26066952223218,6.99205898780101
485.asc,229.79999999999995,178.00000000000006,318.2222222222221,53.0,0.2564488346816801,0.028817007010761914,981.3333333333334,65.80780095601635,122.89019488958425
486.asc,196.25,204.28571428571428,401.7142857142857,116.5,0.8244718102273344,-0.003834832700367758,1137.25,14.558073361540668,20.493901531919196
487.asc,,,,,,,,,
488.asc,220.33333333333334,181.66666666666666,437.3333333333333,95.66666666666667,0.6379870259984075,0.09544913643383555,770.5,46.96896138231431,50.64672653874985
489.asc,186.61538461538456,156.83333333333326,314.0,85.84615384615381,0.49688588953382035,-0.0030224960566044424,763.6666666666666,31.143039172323707,23.49468024894146
490.asc,161.375,215.16666666666666,367.0,79.125,0.46158305813582934,0.012258331486564404,618.8,93.69112373467759,157.8299265484392
491.asc,176.54545454545453,189.2,422.3999999999999,101.0909090909091,0.3701366029391877,0.21050817693151158,866.4,28.196453677723373,37.88286038713433
492.asc,173.33333333333334,158.72727272727275,414.72727272727263,80.66666666666667,0.2818000078804773,0.18169236300915403,826.0,42.91217246253731,31.50238086240467
493.asc,211.8181818181818,138.8,411.6000000000001,59.45454545454543,0.3866431996581067,0.23640088702788978,906.4,51.92147917769678,61.98924637924441
494.asc,244.6666666666667,174.0,357.0,68.0,0.12023102586896202,0.03039283772436862,1031.5555555555557,246.27135490534334,256.03613026289867
495.asc,263.5,146.0,360.57142857142856,98.0,0.6534849095468547,0.02303230671665646,1240.5714285714287,250.17185929611162,301.5714398502175
496.asc,210.54545454545453,180.6,339.5999999999999,96.36363636363636,0.25583195351780436,0.04251356477602611,876.0,22.41428116179504,29.363620727393652
497.asc,239.71428571428558,171.71428571428572,335.7142857142857,96.28571428571415,0.7449068476283964,-0.012794366323929197,1262.857142857143,38.0354292410513,21.150256105620407
498.asc,193.33333333333334,287.25,509.25000000000006,92.88888888888889,0.9987213105644484,0.06102483151346018,1056.888888888889,103.54649459643663,109.5171219490359
499.asc,325.25,173.42857142857136,284.85714285714283,90.5,0.41512401475659305,-0.0467471499952526,1171.4285714285713,308.54629527273636,269.34488424075676
500.asc,172.0,200.0,408.99999999999994,88.36363636363635,1.1394399433163631,0.06476263754767467,855.4,23.273160507331188,35.264083081168515
501.asc,179.16666666666663,153.090909090909,386.90909090909093,96.16666666666667,1.2169113785437629,0.004879080892716682,794.5454545454545,11.757888155799813,17.146428199482248
502.asc,178.6666666666667,190.909090909091,447.27272727272737,71.33333333333333,0.5393532238970741,0.1142155603478398,832.1818181818181,51.19981921455686,64.60650122085238
503.asc,192.8,163.0,250.0,89.73333333333333,2.1078838667975357,-0.16620080683130808,669.5714285714286,19.466874008773708,11.08012774155744
504.asc,,,,,,,,,
505.asc,196.0,149.0,318.6,117.45454545454545,0.8180472255930088,0.008391828642074592,887.4,109.36196779502461,115.50276571965232
506.asc,245.6,173.99999999999997,394.6,116.6,0.7468865664008452,0.05981464514742908,931.6,289.03812897263225,191.32636456530966
507.asc,165.14285714285714,195.27272727272728,437.8181818181818,63.857142857142854,0.7339935371622337,0.13851860807859484,688.6153846153846,13.017966646957648,11.775681155103795
508.asc,184.30769230769224,163.33333333333334,394.6666666666667,92.7692307692307,0.402091797994832,0.23274210308389773,779.1666666666666,24.55549270982405,14.547727095198193
509.asc,210.2,246.6,413.0,75.2,0.48604751964375537,0.035021789857305474,932.0,58.412327466040935,66.38272867747052
510.asc,199.09090909090918,164.2,354.8,54.545454545454625,0.25380113185358955,0.08304504529572238,865.2,45.450632558854444,42.8485705712571
511.asc,211.76470588235293,164.7058823529412,259.05882352941177,74.11764705882354,0.47817760728494796,-0.03005191528849578,536.8235294117648,2.9151792219679686,3.1622776601683795
512.asc,219.27272727272728,181.60000000000008,390.80000000000007,87.0909090909091,0.5464955078222026,0.036224422566211285,887.4,87.28825808778636,95.77519975906544
513.asc,202.4000000000001,171.99999999999986,244.4444444444443,57.200000000000024,0.2582217906556122,-0.01237015505983605,950.0,111.06354537430863,123.10970717209915
514.asc,147.33333333333337,166.90909090909088,379.27272727272725,78.49999999999993,0.34431424459356164,0.03104075974720204,829.0909090909091,7.452327829788799,11.278297743897348
515.asc,185.83333333333334,202.9090909090909,354.54545454545456,80.66666666666667,0.4682689655919139,-0.009303368928948353,768.9090909090909,19.1902178937582,29.89314302645341
516.asc,205.0909090909091,164.0,245.0,68.54545454545455,0.37506188194111995,-0.018825135877992224,852.0,179.7796631233001,149.6221908675314
517.asc,239.2,137.5,299.5,108.4,0.3954959876656633,0.0926214144183656,932.2222222222222,51.298208280986834,82.96987405076617
518.asc,175.6,108.22222222222223,282.22222222222223,56.8,0.25533978611958136,0.010498171723487524,926.6666666666666,59.51657098844172,42.23742416388575
519.asc,169.16666666666666,178.59999999999997,277.0,65.66666666666667,0.5348021026165911,-0.05847647224839759,766.3636363636364,11.530770905969401,17.332051234634633
520.asc,194.16666666666666,157.8181818181818,412.54545454545456,99.00000000000011,0.6556869469430363,0.16121007216902408,804.7272727272727,19.18849517568895,12.47397290361014
521.asc,227.11111111111111,193.25,590.75,116.44444444444444,1.194449328479176,0.05658410074068475,1144.75,126.17819740351342,153.39398386414732
522.asc,194.0,205.55555555555554,399.33333333333326,54.833333333333336,0.3828702241498429,0.05257521972053688,810.0,5.656854249492381,8.148619514985345
523.asc,186.9090909090909,124.0,245.4,80.72727272727273,0.5099229010298195,-0.028803128575672278,902.6,17.687283567580412,11.352924243950934
524.asc,238.8,175.99999999999997,236.22222222222223,73.8,0.7634504328506446,-0.06098747965538727,949.7777777777778,18.74849788221729,23.49468024894146
525.asc,182.4,126.66666666666667,363.77777777777777,102.0,0.7235799752927882,0.09405816991615697,908.4444444444445,17.708197167232473,13.24764129949177
526.asc,191.59999999999997,121.99999999999997,246.88888888888889,68.8,0.42407722200529757,0.011620725431716503,913.1111111111111,26.07870329276551,19.761072845369505
527.asc,217.8,112.5,188.0,74.8,0.8791204793079634,-0.052719853006099,981.7777777777778,18.58181774254833,10.0
528.asc,161.49999999999991,149.20000000000005,324.36363636363643,85.83333333333321,0.7112412639069682,-0.033949008984306285,828.5454545454545,64.12539368847945,66.71731409461864
529.asc,218.2,159.33333333333334,414.8888888888889,104.19999999999997,0.5015382929504864,0.09894216958251195,902.2,23.671924298628532,15.860503004493758
530.asc,278.25,164.57142857142858,477.1428571428573,66.0,0.363807223625124,0.17048731140565673,1221.7142857142858,127.42472768065778,145.45331438872978
531.asc,191.76470588235298,248.0,324.6666666666667,62.35294117647059,0.9586448519384708,-0.12473534409232905,578.75,8.511022265274601,5.585696017507576
532.asc,239.0909090909091,243.66666666666666,550.6666666666666,109.09090909090905,1.4593346564127485,-0.03598988318422005,879.0,17.02351315093333,17.587874611030557
533.asc,215.5,155.5,340.5,76.75,0.504041449991334,0.025923643851141584,1062.0,34.55430508634199,56.95612346359257
534.asc,235.63636363636363,173.77777777777777,361.3333333333333,92.90909090909089,0.10508550338762412,0.04750188259913944,847.4,306.6477457931168,536.0485052679468
535.asc,184.11764705882354,255.125,387.125,102.11764705882352,0.7817034486051734,0.03260633511853393,565.375,13.504050318330423,7.780317045810751
536.asc,145.46666666666667,127.71428571428578,362.85714285714283,74.4,0.27988512816173017,0.13944861493739893,634.5714285714286,3.1558174334820746,3.802832952094854
537.asc,143.33333333333334,123.41176470588235,232.7058823529412,53.888888888888886,0.1676123687065207,0.08277348186863523,532.5882352941177,3.2003460020553987,2.345207879911715
538.asc,,,,,,,,,
539.asc,177.69230769230768,99.5,371.1666666666667,63.3846153846154,0.33690054389454066,0.11558815388032297,761.5,18.002314665990408,15.421354733556381
540.asc,172.16666666666663,152.9090909090909,390.72727272727275,52.83333333333329,0.35061526173227914,0.10400859731257857,793.6363636363636,44.32785442231499,47.01063709417264
541.asc,192.375,201.85714285714286,288.0,81.0,0.8277137867051114,-0.06681551824823236,597.0666666666667,6.607739569794063,3.585685828003181
542.asc,214.66666666666666,162.2,387.2,68.66666666666667,0.42300171224052996,0.146219757837394,740.5,174.0691912238732,255.7136182244789
543.asc,231.7142857142856,166.30769230769235,429.2307692307692,97.57142857142851,0.9596640388814736,0.0867695327019411,702.0,1.5689290811054724,2.449489742783178
544.asc,217.0,135.8181818181819,353.8181818181819,60.00000000000008,0.2625715854163457,0.0736809880801736,756.3333333333334,164.43201905008917,273.3888339809337
545.asc,173.0,186.1818181818182,354.1818181818182,104.5,0.8101243560050886,0.0027722948081585768,769.6363636363636,15.034945519584015,15.53061492665374
546.asc,240.0,167.75,458.7500000000001,135.11111111111111,1.0104394442069924,0.12753514060072646,1049.3333333333333,31.35460271014626,16.294170736800325
547.asc,214.30769230769232,158.16666666666666,383.0,94.15384615384616,0.6737148709152968,0.12128780951383628,739.8333333333334,48.69947524243859,51.83891132414653
548.asc,156.76923076923083,160.16666666666663,329.99999999999994,72.0,0.15039433678606684,0.06246476844870701,739.1666666666666,36.436779342978284,22.83537924919456
549.asc,188.6,160.8,410.6,104.2,0.455494992216229,0.04910540757596348,940.4,24.507957891264628,17.676098111417136
550.asc,225.85714285714283,197.84615384615384,301.6923076923077,90.14285714285711,0.44024551643958576,-0.04232714606832741,699.0769230769231,3.9703039694042896,3.958114029012639
551.asc,160.66666666666666,164.2,280.72727272727275,92.33333333333333,0.3887525604041789,-0.034666941735012516,788.3636363636364,10.881784005414547,16.565023392678924
552.asc,218.5999999999999,135.33333333333334,334.22222222222223,58.399999999999906,0.5591930626173107,0.05145088284004905,922.8888888888889,33.04019250833225,35.220732530712645
553.asc,179.0,183.77777777777777,415.1111111111111,77.2,0.5809801460502424,0.13136601798415248,925.3333333333334,20.176994600562075,22.24859546128699
554.asc,,,,,,,,,
555.asc,234.00000000000006,159.99999999999986,477.7142857142857,127.50000000000006,0.6850354766418562,0.08220097493561826,1236.857142857143,22.03522226818153,31.026870075253587
556.asc,169.20000000000007,143.55555555555554,353.55555555555554,65.3333333333334,0.7673155072296597,0.142604184656397,584.4,81.50321057070902,119.51927519382446
557.asc,206.888888888889,159.9999999999999,512.4999999999999,92.66666666666667,0.5401449891835134,0.37857575421395734,1083.5,40.59248698958959,44.381463311998694
558.asc,215.53846153846155,191.33333333333326,423.1666666666666,104.92307692307692,0.5554261048623063,0.12665328419609395,765.5,17.872231720371875,9.515537533185109
559.asc,193.83333333333334,102.0,383.8181818181818,112.66666666666667,0.4087299420380961,0.15096351398961694,852.9090909090909,19.952008536187506,28.284271247461902
560.asc,167.84615384615392,166.4,339.8,70.0,0.32647958051643644,0.021612194290814676,720.6666666666666,228.47805632537717,414.8695304221886
561.asc,195.75,165.71428571428572,518.0,102.25,1.19918528169035,0.12292606779768904,1156.75,15.935416530483288,25.298221281347036
562.asc,198.9333333333334,188.66666666666666,340.8333333333333,92.00000000000013,0.3830572230601527,0.044628041441793,648.7142857142857,196.6978932894041,321.77631982481245
563.asc,178.93333333333334,172.28571428571428,352.0,89.73333333333333,0.5144018632143875,0.026789439084251316,663.0,47.79569616009972,45.383833109294635
564.asc,189.07692307692304,167.3846153846154,309.0769230769231,68.46153846153847,0.4332291121007453,0.019428426510344512,733.0769230769231,42.09597374948297,42.922410618851934
565.asc,179.83333333333326,149.2727272727272,430.1818181818182,62.666666666666664,0.18495657980035177,0.2224190218080856,808.5454545454545,25.313897140301258,32.2055895769663
566.asc,173.8571428571429,192.1818181818182,418.5454545454546,60.857142857142854,0.6556379031248394,0.19776670411107913,726.6153846153846,4.731863538224522,5.131601439446884
567.asc,183.07692307692315,167.3846153846153,343.076923076923,70.76923076923092,0.5879219789412158,0.1636404502491717,720.6153846153846,27.93822432972835,22.531459488161584
568.asc,324.0,261.6666666666667,546.0,60.857142857142854,0.7714704707949223,0.18401883627252122,1396.0,151.362699059797,210.24176559380393
569.asc,211.8,145.11111111111111,249.33333333333334,46.8,0.203228083566037,0.030622553691042814,979.3333333333334,31.240998703626616,24.124676163629637
570.asc,203.8181818181818,148.60000000000008,364.0000000000001,56.72727272727273,0.1593475552296524,0.08019302579061391,911.4,27.857494503275056,40.110957217310194
571.asc,170.00000000000006,150.16666666666666,384.0,80.15384615384616,0.5379417810012073,0.22869965090533295,735.1666666666666,26.563864344046195,20.081651507600846
572.asc,196.8333333333333,186.44444444444449,403.8,82.66666666666667,1.2341787894738272,-0.0442366783500796,767.6363636363636,17.63917503365077,25.3298243183801
573.asc,188.9090909090909,159.6,433.0,102.18181818181819,0.3827948921974752,0.15008957125254033,898.2,29.912539176739912,21.468322917472825
574.asc,166.5,128.0,385.45454545454544,104.0,0.8520972999348809,0.19962020246529885,824.7272727272727,40.76783694195241,44.58699361921591
575.asc,163.66666666666666,152.3636363636363,424.90909090909093,100.0,0.44103553862961337,0.2382070593797203,841.8181818181819,19.880635538671484,20.287927444665215
576.asc,160.46153846153854,143.5,422.3333333333333,72.92307692307699,0.6303222039248602,0.20173245981181262,787.8333333333334,36.09670652874334,45.84162459440705
577.asc,252.66666666666666,176.2500000000001,452.5000000000001,71.55555555555546,0.741479956653221,0.25575508430275956,1117.75,43.36401157642129,48.42667505768755
578.asc,168.16666666666666,136.66666666666666,361.8333333333333,70.33333333333333,0.2779934232159318,0.1986933905249819,786.6666666666666,72.26955713776644,80.78028562374946
579.asc,195.99999999999991,180.0,464.6666666666667,108.99999999999991,0.48921615945264296,0.24109059287337714,942.0,15.719768163402128,13.285330255586423
580.asc,196.0,125.42857142857143,359.5,116.8,0.9063406518000547,-0.05703253621597807,997.7777777777778,8.134668985654722,12.267844146385297
581.asc,142.73684210526315,145.375,211.375,48.10526315789474,0.21938734044030161,-0.0016759483387758616,499.77777777777777,66.94239277630643,96.69722302722282
582.asc,190.8333333333334,176.9090909090909,398.0,86.16666666666674,0.8303779046574836,0.2600484828739748,795.2727272727273,28.30062931870439,35.552777669262355
583.asc,230.1818181818182,162.6,434.80000000000007,93.0909090909091,0.3546931053197726,0.23238398806955882,896.0,27.92848008753788,34.85206832695395
584.asc,216.0,132.85714285714286,408.25,102.88888888888889,0.7091468601569627,0.30730129156986974,1043.25,28.07022443800548,38.00751805329347
585.asc,193.0909090909091,173.11111111111111,452.0,50.36363636363637,0.5704995349937556,0.0003035821201686394,854.4,152.50127868316383,195.01111079457328
586.asc,235.33333333333334,206.25,457.0,86.22222222222223,0.5204238957690422,0.05543497855418808,1038.25,13.016816046944813,12.071217242444348
587.asc,157.84615384615384,192.33333333333334,407.8333333333333,90.76923076923077,0.20228759030209853,0.10208850585283959,733.8333333333334,11.531358212379937,8.759410523960659
588.asc,144.92307692307693,137.8333333333333,228.33333333333334,68.61538461538461,0.45061232292426945,-0.010832214179114388,747.5,54.876376216607696,59.28360190259575
589.asc,193.27272727272728,162.66666666666666,393.2,116.0,0.7612426108019688,0.372161915762967,925.4,115.13140318783577,102.50853622991599
590.asc,171.85714285714297,167.53846153846155,380.15384615384613,84.14285714285721,0.6364068840720346,0.0395996336771192,654.4615384615385,6.283254725126812,8.246211251235321
591.asc,156.0,129.0909090909091,234.36363636363637,54.666666666666664,0.21980745134550614,0.010587972478334139,805.8181818181819,45.46690740991175,47.958315233127195
592.asc,178.0,144.66666666666666,423.3333333333333,86.6,0.5139102314898553,0.2027076156852415,954.6666666666666,13.029880190461375,19.248376554920156
593.asc,273.6,189.4000000000001,456.4,107.6,0.5622167741097416,0.11817340219757055,938.2,81.12434899584711,83.71645265086454
594.asc,166.50000000000009,139.27272727272728,325.09090909090907,66.33333333333341,0.4998183764755873,0.060485500831337836,830.1818181818181,8.674080321364773,7.37563556583431
595.asc,150.31578947368425,159.69230769230768,272.15384615384613,62.10526315789476,0.19426193555969448,0.0223367477497043,449.5,107.58043502421803,164.82143447730908
596.asc,175.45454545454538,148.6,430.6,88.36363636363636,0.5598350607617468,0.16963848364966427,915.6,12.191800523302536,12.596295751794122
597.asc,201.66666666666666,226.57142857142858,406.2857142857143,67.66666666666667,0.8674854571535366,-0.017143701684726065,776.3636363636364,125.76982780769345,200.84023501280814
598.asc,401.42857142857144,161.0,475.6666666666667,107.14285714285714,0.7725580628570198,0.28240728191337283,1249.142857142857,337.51335574480964,442.83330196963885
599.asc,340.5,189.6666666666666,505.99999999999994,90.0,0.2723782491921769,0.03388339065914457,1132.857142857143,318.5177405112754,416.8724825011441
600.asc,187.63636363636354,136.88888888888877,222.39999999999992,82.18181818181819,0.8917944549370134,-0.08545439425331085,877.0,47.059536759300975,56.229687690558784
601.asc,169.5,145.27272727272728,394.3636363636364,111.5,0.3081990546044057,0.12045764015327148,770.0,6.0902306270706275,7.536577472566709
602.asc,209.83333333333326,134.99999999999994,364.19999999999993,92.66666666666659,0.7650834601311257,0.2227917312045167,830.7272727272727,56.50597862027266,51.252317020794294
603.asc,223.75,170.28571428571428,396.57142857142856,117.25,0.9333964971610741,0.10275348360702344,1173.25,23.599523300270285,39.06039280030714
604.asc,177.84615384615384,213.090909090909,391.83333333333326,64.92307692307692,0.5464845836610494,0.10918990448465819,771.0,19.75685535031659,22.96241989148198
605.asc,208.9090909090909,141.4,493.2,83.63636363636364,0.8850273547647715,0.0399102716422695,861.4,17.367786272291585,14.251705550954634
606.asc,161.50000000000009,153.8181818181819,448.5454545454546,74.00000000000007,0.5543357011818587,0.15214527923017712,819.2727272727273,42.96529447037015,54.00370357669926
607.asc,185.66666666666666,127.27272727272727,356.90909090909093,76.16666666666667,1.0176066964159454,0.09430823575882034,822.9090909090909,16.32318231815523,14.422205101855956
608.asc,259.3333333333333,201.24999999999994,468.74999999999994,109.11111111111111,0.5467987242822945,0.23397929013248475,1034.5,18.214005600086985,25.790363648906876
609.asc,171.0,130.53333333333333,233.46666666666673,49.25,0.3052164324419411,0.08245775991822835,588.2666666666667,3.923717058549909,5.1269595556932455
610.asc,225.84615384615392,111.66666666666667,199.83333333333334,95.38461538461546,0.4618899670527271,-0.0036917196088752688,762.8333333333334,47.591724303939884,53.64868887663349
611.asc,205.5384615384615,233.0,412.0,78.61538461538458,0.8240668442704343,0.08048597875496424,754.6666666666666,12.147244772192398,12.328828005937952
612.asc,181.06666666666666,113.14285714285721,348.1428571428572,96.39999999999993,0.9041842716991539,0.07051211228053669,645.4285714285714,7.835033829029764,7.462727898852249
613.asc,201.12499999999997,164.2666666666667,311.06666666666666,72.12499999999989,0.16004013266356948,0.06740120260142599,595.3333333333334,5.593647190240809,7.634508123364221
614.asc,205.27272727272737,226.5999999999999,472.5999999999999,99.27272727272727,0.5668553971889971,0.12149842642815432,862.9090909090909,3.117532399905863,3.1622776601683795
615.asc,261.2,186.0,440.6666666666667,130.2,0.11253750515364613,0.09117811807621151,941.8,418.390678672458,809.0897491763335
616.asc,181.33333333333323,115.81818181818181,350.1818181818182,99.16666666666656,0.8043777524667285,0.1979369096748443,811.4545454545455,40.614291341312665,41.02682049586587
617.asc,173.66666666666666,147.81818181818184,428.54545454545456,89.33333333333333,0.6545649665506071,0.0920990552683233,821.8181818181819,13.496249861742278,16.625281952496323
618.asc,211.0909090909091,180.2500000000001,353.1111111111111,80.18181818181823,0.199330246159133,0.07118429805757354,863.0909090909091,121.08408389173545,134.68184732917797
619.asc,162.6153846153846,133.5,240.5,56.61538461538461,0.3357954987118778,-0.016076772263529902,728.1666666666666,57.02314344973354,77.60974634202026
620.asc,177.0909090909091,154.0,407.8,86.54545454545455,0.37618637612316524,0.15724575176099068,865.0,11.46298390472568,10.370899457402697
621.asc,174.0,170.0,306.0000000000001,76.14285714285714,0.5009467981382172,-0.008781774799809223,665.4285714285714,144.21299440446424,211.89039256544515
622.asc,164.54545454545453,139.79999999999993,443.6,88.9090909090909,0.19868585240273431,0.2854713766520052,858.5454545454545,37.320147218757754,32.02499024199695
623.asc,188.00000000000006,194.66666666666683,365.3333333333333,70.14285714285714,0.6491967483084137,-0.042159555739284274,667.5384615384615,103.76053450474346,121.10876654203581
624.asc,231.77777777777777,198.4,474.8,54.666666666666664,0.9742166267561727,0.00847807054678739,1006.75,252.03757160391783,311.2353266765014
625.asc,189.20000000000002,134.22222222222229,403.5555555555556,91.00000000000003,0.22444278290796865,0.2412065734772909,957.5555555555555,56.44881872814053,65.40642170307133
626.asc,166.33333333333334,160.90909090909093,274.72727272727275,77.66666666666667,0.23372656719661378,0.011173268768597243,808.1818181818181,24.942910021298207,28.50263145746371
627.asc,176.92307692307693,138.5,424.1666666666667,101.53846153846153,0.418202816243288,0.14986798086324915,751.5,24.591665254715874,17.663521732655695
628.asc,215.69230769230768,146.5,367.00000000000006,99.53846153846153,0.9000680756264898,0.061397809473576155,714.0,19.252705437591537,9.591663046625438
629.asc,189.53846153846155,168.99999999999997,410.8333333333333,100.61538461538466,0.5457837222363018,0.16439080283718802,727.1666666666666,20.517607614491077,22.57109978389501
630.asc,151.38461538461536,159.45454545454547,336.8333333333333,69.38461538461539,0.5224662388417977,0.058381060369231436,742.8333333333334,7.278201853632682,5.393598899705936
631.asc,186.625,185.2,380.1333333333333,101.99999999999997,0.26793354105581746,0.15418549116716757,600.8,29.310293982376454,17.246117575517438
632.asc,200.0,106.66666666666667,360.0,106.8,0.86756072265316,0.34535113897059266,962.2222222222222,76.3410153016316,80.40211440005791
633.asc,195.09090909090918,182.22222222222223,314.1818181818182,59.81818181818182,0.5621102485895012,-0.012585790918785467,847.8181818181819,71.0516050382565,99.86190464836929
634.asc,203.27272727272728,175.5999999999999,440.6,102.36363636363636,0.18052534903478273,0.13488899534645626,886.4,31.531571480026177,33.84933939942961
635.asc,163.07692307692307,130.16666666666666,376.0,73.23076923076923,0.36624428933160275,0.06362960846586428,706.1666666666666,31.806271219507778,16.809088450759447
636.asc,189.11111111111111,268.5,487.0,76.22222222222223,0.5480408647228192,0.09681546284503165,1120.75,27.494317594732188,47.45524207081869
637.asc,194.72727272727263,124.40000000000009,434.4,96.18181818181819,0.5931381570953674,0.12635785624226722,882.2,7.56042326857432,10.110500592068734
638.asc,196.72727272727272,154.2,248.6,59.09090909090909,-0.01779655018947437,0.023420280788981403,919.2,351.5817970259552,407.87361877043344
639.asc,167.2941176470589,148.75,245.0,73.05882352941177,0.5849757020042214,-0.0813069192617131,582.0,30.683871985132516,32.761766334148305
640.asc,179.6,160.0,397.55555555555554,104.6,1.0196973949332462,0.20937702656339688,964.8888888888889,5.820355934981687,7.582875444051551
641.asc,166.72727272727272,148.5999999999999,442.8,84.18181818181819,0.3636674767312908,0.17402624296720237,911.8,28.947538755479716,37.142368739157654
642.asc,232.44444444444446,172.25,493.0,101.55555555555556,0.5250382714292916,0.20005596293946581,1094.25,32.5028844873805,30.983866769659336
643.asc,206.8,161.49999999999977,382.5,78.80000000000004,0.6296170671469533,0.06323595587667413,925.0,216.73439966927262,297.06864152545245
644.asc,183.53846153846155,190.4,318.3333333333333,75.38461538461539,0.34627795412809614,0.028044461342792815,771.0,40.98373661181551,43.13614809793838
645.asc,293.5,152.85714285714272,482.57142857142844,76.75,0.8104503661242433,0.24117256350474015,1238.857142857143,25.809348092882775,33.980386499665755
646.asc,197.33333333333334,204.5,507.5,129.7777777777777,0.7113535120959349,0.11326151392650757,1055.25,12.487493743742176,9.071147352221454
647.asc,191.4,162.44444444444434,418.6666666666666,91.6,0.4052682253439661,0.14144708960624916,936.2222222222222,16.450449354063775,13.838352503098047
648.asc,217.09090909090918,145.4,399.0,111.63636363636373,0.7810274048269512,0.022957148177585863,886.8,58.07030222067042,53.34999739664682
649.asc,174.16666666666663,148.54545454545453,376.00000000000006,92.49999999999996,0.6187326317871055,0.13573068622193485,789.8181818181819,28.63506490561459,15.556349186104045
650.asc,187.45454545454547,193.8,402.0,73.09090909090905,0.5631120016754556,0.15517442183179794,883.2,16.78570820668583,8.137703743822469
651.asc,192.66666666666666,186.54545454545453,427.99999999999994,124.33333333333331,0.4219101567098409,0.263750092920427,809.6363636363636,30.86413843479701,46.92121055556858
652.asc,188.5,201.45454545454547,377.27272727272725,79.33333333333333,0.41147303561824294,0.15702856469369228,789.6363636363636,52.69340605163339,75.57512818381456
653.asc,170.7272727272728,155.60000000000008,436.6,96.0,0.4407597926869904,0.2986329043345294,891.0,23.68543856465402,30.16252273563632
654.asc,230.16666666666654,225.00000000000009,449.8333333333334,75.99999999999996,0.4454439722675198,0.2150927049101383,794.0,12.055427546683417,11.42564897699271
655.asc,196.66666666666666,172.0,396.1818181818181,92.5,0.3736938087487823,0.12019264513887666,791.6363636363636,13.746224124680582,9.633275663033837
656.asc,212.33333333333334,228.4,361.8333333333333,103.00000000000004,0.9764870220452698,0.17033086332602712,761.1666666666666,17.0579079087156,24.181134645158252
657.asc,211.07692307692307,153.5,388.1666666666667,105.07692307692308,1.0426300590446662,0.2486857760542701,740.6666666666666,7.6739096221475585,8.591750800516843
658.asc,170.46153846153845,135.0,352.8333333333333,51.84615384615385,0.2771667821161584,0.0994480187651423,781.6666666666666,14.53348623772776,14.57270175237373
659.asc,186.1818181818182,162.4,265.9999999999999,63.09090909090905,0.9086251663849566,-0.05122202248658925,932.8,8.588364221433554,11.15546702045434
660.asc,149.07692307692312,139.83333333333337,407.1666666666667,82.15384615384619,0.2600634129997873,0.19979154168477978,747.0,13.988090172238191,11.832159566199232
661.asc,189.3846153846154,159.71428571428572,303.75,69.84615384615384,0.21345526308210808,-0.008004871134350095,742.0,220.91023818133314,298.7556009364663
662.asc,207.33333333333334,229.8181818181818,369.45454545454544,99.0,0.19072238416642795,0.04957647227245807,804.9090909090909,16.956921598056784,14.268847185389575
663.asc,242.6,161.39999999999995,380.2,75.0,0.24751461981071737,0.09838959506463177,897.6,121.26269005757706,188.4179750802278
664.asc,204.4,147.55555555555554,402.22222222222223,78.0,0.17121809457868423,0.11262273455431619,983.1111111111111,42.31218486032506,56.49778756730214
665.asc,179.71428571428578,144.92307692307693,309.38461538461536,93.71428571428578,0.9804557509728129,0.006992420440640833,691.3846153846154,10.4184633558997,10.36018017861337
666.asc,193.16666666666666,179.09090909090918,429.8181818181818,89.3333333333333,0.40464171349829936,0.14980402388710565,787.6363636363636,11.467525113615622,17.181385275931625
667.asc,163.99999999999994,133.49999999999991,278.49999999999994,52.46153846153848,0.1265450847969522,0.0634030298883252,744.0,13.063945294843617,15.666989036012806
668.asc,168.6153846153846,186.99999999999991,350.3333333333333,60.0,0.6250398720733725,0.004216206223648804,763.0,79.98541533721423,88.7427333772897
669.asc,158.33333333333334,138.0,416.3333333333333,101.16666666666667,0.173881243178151,0.06498991199073885,758.3333333333334,32.93259108475304,33.017901480588044
670.asc,224.40000000000015,211.33333333333334,438.22222222222223,96.8,0.27908492895203263,0.10138769591830735,976.6666666666666,82.56445293762255,88.7637313321156
671.asc,230.888888888889,191.00000000000009,441.25000000000006,80.66666666666671,0.43828062470891477,0.13367520363974242,1010.75,20.39454583951307,26.142466819880855
672.asc,261.07692307692315,244.72727272727272,527.4545454545455,102.46153846153847,0.43727579906219927,0.07739428191292164,774.5,9.561206339508978,11.070025047191834
673.asc,224.22222222222223,179.25,266.0,76.66666666666667,0.8437921935899266,-0.01597961088266627,1067.75,36.15850522352936,75.18738496013049
674.asc,171.69230769230768,209.99999999999991,456.0,86.6153846153846,0.5402639489919143,0.13081204903151467,725.6666666666666,94.81502459467534,163.43138677077357
675.asc,258.90909090909093,225.39999999999992,487.8,87.63636363636364,0.40994237939209305,0.06853843769221825,878.4,18.238420984284797,15.620499351813308
676.asc,164.42857142857142,136.61538461538458,334.3076923076923,62.57142857142857,0.22964512815549418,0.193047684170774,706.0,28.30602001749397,46.800997140374406
677.asc,233.55555555555554,155.25,433.0,79.55555555555556,0.40571746489866134,0.06394163774849435,1097.25,19.822651184944963,20.54959158440173
678.asc,159.73333333333338,151.14285714285714,223.42857142857142,50.53333333333333,0.1931983361842383,-0.011512258875738533,647.4285714285714,98.10323591991849,150.8223611252145
679.asc,180.8,135.11111111111111,367.3333333333333,89.4,0.8384512881823601,0.1024392605230168,941.5555555555555,36.32908571841304,41.641325627314025
680.asc,183.2,129.5,217.77777777777777,64.8,0.9615145167115575,-0.03354399079040849,941.2,12.560254774486065,12.684198393626966
681.asc,186.16666666666666,154.54545454545453,428.72727272727275,78.5,0.8891838836635961,0.2508744452574131,826.1818181818181,37.26518770751105,32.63740185737829
682.asc,202.3636363636363,156.60000000000008,452.8,79.81818181818181,0.23876335590116965,0.06364245144627263,920.0,49.17723050355723,45.37253207246281
683.asc,192.36363636363637,107.8,379.2,71.81818181818181,0.4073816439496916,0.3485255431283527,880.0,12.89961239727768,12.649110640673518
684.asc,191.85714285714286,210.30769230769232,401.2307692307692,66.28571428571429,0.4220009407291971,0.18412826841994243,693.5384615384615,152.97894042324177,198.01683430119436
685.asc,131.22222222222229,109.764705882353,238.7058823529412,44.666666666666664,0.14015351519048722,0.08102762654843555,530.3529411764706,4.5106563559248976,4.795831523312719
686.asc,196.42857142857136,221.71428571428572,296.2857142857143,85.28571428571422,0.5704068231393397,-0.037915569111231416,665.5384615384615,110.03538968099545,141.69568330286802
687.asc,203.07692307692307,159.5,406.8333333333333,102.30769230769224,0.37222156312984794,0.05089059869942292,748.8333333333334,20.256000482710192,9.105442927671938
688.asc,206.88888888888889,182.25000000000006,479.00000000000006,92.44444444444447,0.6019607615064285,0.037931115566457146,1015.0,7.810249675906654,11.710800875382398
689.asc,229.25000000000003,160.85714285714272,448.57142857142856,129.00000000000003,0.4622153249663517,0.21724216973975508,1132.5714285714287,37.807244743594325,46.783187863447985
690.asc,158.93333333333334,152.15384615384622,320.4615384615385,50.8,0.33853047114770707,0.08878817156274922,633.8571428571429,94.11380431831084,84.4220168147914
691.asc,214.85714285714286,154.0000000000001,244.88888888888889,125.42857142857143,0.9297251332871236,-0.08929154989332588,719.0769230769231,104.88855737141026,108.07867504739313
692.asc,166.8333333333333,104.54545454545446,214.1818181818182,78.16666666666667,0.2756049057740004,-0.01833192008332987,794.7272727272727,10.207759161904146,12.853015210447703
693.asc,242.6,201.33333333333337,451.33333333333337,96.39999999999998,0.40490851308962883,0.16312212964727638,900.0,110.40933937952089,145.92977763294235
694.asc,203.111111111111,170.0,446.5,105.11111111111101,0.7486694024748055,0.17415265724353202,1001.0,21.656407827707714,24.807832864411424
695.asc,188.99999999999997,145.00000000000009,278.16666666666674,102.6666666666667,0.6994093921636476,-0.007737117985783335,786.5,14.378803844548406,12.649110640673518
696.asc,174.12500000000006,158.4,395.46666666666664,93.62499999999996,0.9930609869629127,0.12853070913510445,610.6666666666666,11.74544829095746,6.279217421667403
697.asc,180.0,173.11111111111111,463.1111111111111,80.4,0.41011388776485536,0.1522757826811605,972.4444444444445,37.815667273737546,43.81780460041329
698.asc,,,,,,,,,
699.asc,199.24999999999997,244.0,320.0,62.124999999999886,0.7573187535713171,-0.15020909391895268,605.0666666666667,4.552898954390366,5.903993805649092
700.asc,258.44444444444446,264.5,547.5,121.77777777777777,0.7696783618316044,0.09955797240425367,988.25,186.83264570197576,211.67495296866306
701.asc,175.8,162.0,380.22222222222223,84.1999999999999,0.6893809693880331,-0.04588734713042067,898.0,4.714045207910317,6.324555320336759
702.asc,164.4,125.49999999999999,264.7692307692308,59.999999999999936,0.40836315221462993,0.018345898542447968,622.0,3.295017884191656,3.802832952094854
703.asc,197.0909090909091,182.28571428571428,287.8,88.0,0.6398174967576922,-0.027229503773907406,868.6,15.875767697972908,18.37873166945363
704.asc,165.71428571428572,154.8,353.6,61.57142857142857,0.3137336814028148,0.05649772412485929,705.8461538461538,122.44549566351562,183.75255100270036
705.asc,259.19999999999993,201.33333333333337,383.3333333333333,91.4,0.4219959770345456,0.019621692628194156,905.8,17.23832938541319,9.591663046625438
706.asc,251.77777777777777,176.75,394.5,54.666666666666664,0.3397825682439503,0.05809149624292699,1122.5,10.087120500916008,14.735767952260145
707.asc,208.4,161.11111111111111,373.11111111111103,45.4,0.5108472194185529,0.08328438030216692,963.5555555555555,39.90853740773635,53.59104402789705
708.asc,188.0,226.00000000000006,370.6,110.54545454545455,0.7271691827825844,0.18355891171685182,847.6,11.377170122662314,6.110100926607787
709.asc,,,,,,,,,
710.asc,154.33333333333334,179.45454545454547,437.6363636363636,81.33333333333336,0.8575225739875885,0.19839711164469456,811.2727272727273,2.5968830649246724,2.8284271247461903
711.asc,175.66666666666666,129.8181818181818,387.6363636363636,89.33333333333331,0.4443681047613511,0.16598861087986103,783.6363636363636,14.367088192827937,10.89954127475097
712.asc,197.6,168.0,461.75,73.6,0.5886709499721394,0.3164543372172799,887.7777777777778,79.74651197914243,89.60189730134067
713.asc,185.69230769230765,119.16666666666659,347.1666666666667,65.23076923076927,0.4063757689980303,0.17050586851694524,742.5,16.27114009527298,14.770978917519928
714.asc,182.1818181818182,166.39999999999992,266.4,49.8181818181819,0.36240000965324876,0.05161479983037714,867.8181818181819,66.21427775421549,109.44039473613023
715.asc,227.49999999999991,190.5454545454546,281.81818181818187,74.33333333333326,0.8397960290777483,-0.06273348366380994,826.5454545454545,53.14878538997625,58.67537814109083
716.asc,176.9090909090909,117.8,388.8,76.0,0.43723773839888413,0.20244380673756926,911.2,52.55244999046191,28.790430508918913
717.asc,,,,,,,,,
718.asc,221.40000000000003,136.66666666666677,378.6666666666667,66.39999999999995,0.33278188540586157,-0.008886417254980069,992.2222222222222,358.5036115664288,371.6396103754281
719.asc,194.1818181818182,164.54545454545453,426.909090909091,97.63636363636364,0.3058591530229639,0.14405965114133498,822.0,12.446248065545332,9.273618495495704
720.asc,205.1111111111112,134.5,454.0,126.22222222222233,0.5095251027204944,0.1768999472541887,1060.75,25.611276813154007,35.173041624841844
721.asc,176.42857142857142,136.15384615384616,215.23076923076923,82.99999999999993,0.7998875635421766,-0.05983071229501794,682.0,19.96920706410825,11.416362526362473
722.asc,208.8,214.4,399.0,154.99999999999994,0.5612267275403164,0.048474029790625275,920.8,18.616122045152153,16.931233465600393
723.asc,186.40000000000015,146.22222222222223,415.3333333333333,81.40000000000005,0.7874896882929043,0.18989105660612365,947.4,67.62277722779507,79.72173828734266
724.asc,201.53846153846155,154.0,385.3333333333333,104.92307692307692,0.8490572554258814,0.08894539104204695,706.1666666666666,5.063485843654437,6.381792281739725
725.asc,174.52631578947364,178.0,307.3333333333333,72.84210526315789,0.08624317807162696,0.05914811873507275,474.0,67.33732835117299,126.4559651068747
726.asc,204.36363636363646,153.8,432.2,90.18181818181819,1.0497321044814751,0.005278000937756616,896.6,52.015766840449444,60.6520128822339
727.asc,175.8181818181818,130.0,397.8,96.54545454545455,0.5673044724783858,0.10506123317798242,887.6,22.53530563360524,25.577768124334504
728.asc,194.85714285714286,163.84615384615378,392.3076923076923,97.99999999999997,1.0430119856684372,0.07463609762549099,727.2307692307693,78.452488165821,83.86894538504703
729.asc,216.33333333333334,361.6,503.8181818181818,120.00000000000004,0.8185842777193185,-0.003313208145552034,786.9090909090909,11.032633786384046,11.7983049630021
730.asc,190.4615384615384,146.0,378.4,73.07692307692301,0.654734530280942,0.004146785857459273,718.0,9.860566374745886,15.895492023421818
731.asc,153.84615384615384,153.81818181818173,218.66666666666666,79.23076923076923,0.31610461247724125,-0.012462066421740792,744.5,18.20485283287582,33.05642558909346
732.asc,223.2727272727273,217.8,493.4,103.63636363636364,0.7465581364648248,0.0838663657138887,882.8,19.497692171126303,18.607047649270484
733.asc,204.54545454545462,151.2,243.0,76.18181818181826,0.4084542485817801,0.019211156722580235,845.6,317.3172544946146,569.9653010880965
734.asc,192.71428571428575,100.57142857142857,275.57142857142856,75.28571428571432,0.4090211460891389,0.03427901231271754,655.4285714285714,6.207303137828695,3.8430756913220914
735.asc,183.27272727272728,284.6,457.4,82.9090909090909,0.42226152142685075,0.1360090949613136,861.2,8.818163074019441,10.154364141151877
736.asc,207.16666666666666,188.0,427.5,73.5,0.7365338754469944,0.1362592398684925,753.8333333333334,32.233092036325374,19.126373985107104
737.asc,188.0,199.45454545454547,382.0,76.46153846153847,0.5946060230805916,0.03527009108622134,790.0,73.03880247284089,108.38315870516549
738.asc,208.8,210.0,496.2857142857143,81.0,0.7824099230724298,0.19585792244064054,973.5555555555555,5.397759022884942,5.873670062235365
739.asc,194.22222222222211,138.7500000000001,423.5000000000001,95.9999999999998,1.1177093514690142,0.09153427383549437,981.7777777777778,12.873554095964657,15.84297951775486
740.asc,216.66666666666666,112.75,349.0000000000001,51.99999999999995,0.244372684302462,0.051012536706994474,980.25,14.1222342424986,13.97957694025722
741.asc,202.8888888888888,146.0,372.5,72.88888888888881,0.7531019399115054,0.06765740106954334,994.5,17.853571071357123,32.90679478249352
742.asc,183.8,135.55555555555554,392.44444444444446,101.6,0.3511206362450182,0.2536868846876357,929.7777777777778,9.589088449062853,10.931605554537724
743.asc,183.0909090909091,134.88888888888889,287.8,50.0,0.5803779595932316,0.07834234278448818,872.8,87.90085323817966,158.80945955592333
744.asc,164.26666666666668,173.33333333333317,280.6666666666667,66.00000000000006,0.5651259595931356,-0.006539207892028133,656.5714285714286,145.31036453335435,172.22257513060063
745.asc,258.8888888888889,269.1111111111111,570.6666666666666,92.0,0.588800405115568,0.17712739875669065,1009.1111111111111,235.31560105264043,187.05079524022347
746.asc,175.06666666666666,137.23076923076923,376.4615384615385,59.73333333333335,0.4357150420537503,0.16031019145543876,635.7142857142857,75.17544106139657,110.37000707410715
747.asc,197.8181818181818,178.0,365.2,80.0,0.4503950178311824,0.04944506887138595,883.2,74.839561730411,90.13323471394999
748.asc,161.68421052631584,148.85714285714286,218.57142857142858,65.36842105263158,0.8263630347213763,-0.11577319074945981,500.63157894736844,116.71837925280518,152.48387892932595
749.asc,269.0,254.66666666666683,542.0000000000001,87.50000000000009,0.8886042984562131,0.0963159432371261,1212.0,24.213337528843773,25.32455988429677
750.asc,226.9090909090909,164.4000000000001,439.4,108.18181818181819,0.5674838564865067,0.18759007644742523,847.2,159.54735973998442,281.5741465404805
751.asc,183.0,154.0000000000001,438.44444444444457,68.6000000000001,0.372635675006645,0.26787879544374343,901.5555555555555,10.446808243149475,7.211102550927978
752.asc,198.74999999999994,177.42857142857142,307.42857142857144,121.99999999999994,0.6752745126268627,-0.017539635173659373,1195.4285714285713,30.867723053873153,39.16631205513228
753.asc,172.5714285714285,168.99999999999994,310.2,62.857142857142726,0.4864026644794099,-0.004730718253656246,687.6923076923077,120.4091643684372,196.2438958710988
754.asc,278.8888888888889,201.42857142857142,595.1428571428571,120.22222222222223,1.233898928940043,0.025546100043763093,1033.3333333333333,28.299980369054833,32.0
755.asc,188.2222222222223,171.74999999999983,493.5,102.44444444444444,0.9664760583474297,0.04391593620495012,1033.75,8.742854225022855,8.451542547285166
756.asc,180.36363636363637,157.2,355.0,60.72727272727273,0.1738414442991865,0.0654211448034919,791.2,31.713719428663676,17.962924780409974
757.asc,217.83333333333334,138.72727272727272,423.8181818181818,92.33333333333341,0.41154478770171776,0.16401522374927804,809.6363636363636,40.37837568724745,53.36290846646198
758.asc,190.2,125.33333333333339,295.33333333333337,57.2,0.22242541733155466,0.08045890259376093,932.0,375.35405508222055,496.99647886076616
759.asc,183.0,148.72727272727272,434.72727272727275,111.33333333333333,0.6914674708124418,0.2902499736342257,780.0,16.381808092015863,16.73320053068151
760.asc,279.5,175.66666666666666,460.2857142857143,94.5,0.28144593420596076,0.13031647396132154,1135.75,45.8741484934598,71.69777840750318
761.asc,180.5,163.8,387.8181818181818,98.16666666666667,0.5498380717875613,0.17122761338843895,805.8181818181819,43.680280930286614,40.084909878905805
762.asc,237.0,228.33333333333334,470.0,132.5,0.40571476171770493,0.20667206286100948,1098.2857142857142,35.81585556990202,35.75844888507703
763.asc,172.6,124.44444444444434,427.9999999999999,115.59999999999991,0.2524859930321024,0.21713498324645736,882.0,52.24557397521823,53.97530299436339
764.asc,180.7272727272728,169.1999999999999,442.0,90.72727272727273,0.4262380847177603,0.17188926619115924,892.2,9.651942809610922,6.394442031083626
765.asc,198.1818181818182,152.4,358.6,68.36363636363636,0.3735402359213589,0.11023497387991091,914.4,34.55777770632828,48.230925993829125
766.asc,210.88888888888889,192.0,492.22222222222223,77.33333333333333,0.1409919939724588,0.13758787105435955,993.3333333333334,81.40434058861153,101.85283501208987
767.asc,178.0,132.46153846153848,357.84615384615387,79.99999999999993,0.4898214304781532,0.09990922672894322,669.5384615384615,31.124107363450566,28.91366458960192
768.asc,214.66666666666663,185.5000000000001,400.7500000000001,69.11111111111096,0.6564196138081448,0.15511895889513977,993.5,18.887826767524103,19.47892634178207
769.asc,192.60000000000008,136.88888888888889,322.44444444444446,68.00000000000009,0.6800814905153494,-0.015470770087596869,966.0,12.96148139681572,14.66287829861518
770.asc,142.28571428571428,177.16666666666666,392.57142857142856,82.14285714285714,0.5388608549758799,0.12460001005498123,672.7142857142857,32.71179029783903,31.319691520241335
771.asc,157.06666666666672,184.28571428571436,367.2857142857143,84.0,0.6928191096963945,0.04446541861228823,640.2857142857143,17.268586555727516,13.677606628241765
772.asc,204.9090909090909,168.0,412.2,77.0909090909091,0.28730057915977497,0.20989126580148368,846.6,54.92576808748331,40.29888335921977
773.asc,181.99999999999991,149.2727272727272,383.090909090909,85.66666666666667,0.3116101659807729,0.17605566165163355,802.5454545454545,31.253693996546264,39.324292746341925
774.asc,177.6666666666667,138.54545454545448,378.1818181818182,95.16666666666659,0.6589641022866014,0.1721911537024304,804.3636363636364,42.192788542103706,20.00999750124922
775.asc,222.9999999999999,229.4999999999999,503.5,107.5,0.19738751744114935,0.3573283113981123,1080.25,12.22446317839765,22.258224804071222
776.asc,169.00000000000003,160.6153846153846,346.46153846153845,96.00000000000007,0.33964062950243,0.08564417651935143,667.6923076923077,5.426212950322585,4.0
777.asc,198.2222222222223,151.25,424.5,85.11111111111121,0.1906620072617115,0.16492504287514215,1001.7777777777778,67.83931632546256,100.37429949942366
778.asc,163.3846153846153,114.33333333333333,350.5,84.0,0.44075987624765955,0.15232151182434828,759.8333333333334,26.5261925064433,31.351381004815256
779.asc,179.11111111111111,195.75,461.0,103.77777777777777,0.7332415669095615,0.1316129265855986,1132.25,23.588927487276738,29.587642207999128
780.asc,173.5,157.4000000000001,413.8181818181819,87.66666666666667,0.190128600379503,0.18408318053525952,794.9090909090909,51.071170564320504,50.620154089058246
781.asc,202.8,172.00000000000003,375.55555555555554,86.4,0.4221957880172916,0.08153491858880209,929.5555555555555,28.717439962933526,21.805962487356524
782.asc,189.83333333333334,193.8181818181818,312.5454545454545,83.16666666666667,0.8087429310010066,-0.015778550025336992,805.0909090909091,5.1425947722658,5.727128425310541
783.asc,206.46153846153854,272.0,472.0,70.46153846153847,0.2985257944998592,-0.0261706979746219,710.0,168.4243724369167,302.5701020700272
784.asc,201.6,145.33333333333334,356.8888888888889,74.8,0.8414793389717161,0.08121307120977302,947.3333333333334,19.4593593591019,18.774983355518586
785.asc,192.6666666666666,162.66666666666666,344.6666666666667,61.066666666666606,0.3481363347749403,-0.0674712168150564,620.6666666666666,114.80224542906622,197.28586945271647
786.asc,190.0,150.3636363636363,442.1818181818181,70.66666666666659,0.8749391243418714,0.1633045609075075,820.9090909090909,34.80191882237254,41.8282201390401
787.asc,136.14285714285714,115.99999999999993,191.99999999999991,45.142857142857146,0.02770694821731934,0.0443700673909262,623.6923076923077,285.39941906452236,379.0576033621627
788.asc,218.0,215.66666666666643,494.3333333333332,127.99999999999993,0.4239405713316139,0.04609417112867202,1260.0,24.541510024562758,39.08964057138413
789.asc,154.5333333333334,178.85714285714286,363.57142857142856,67.46666666666671,0.5469203213348914,0.0726100909072483,637.8571428571429,30.127958403300752,11.622259809388321
790.asc,198.6,161.11111111111111,431.1111111111111,87.4,0.5074629010611871,0.09544502860274573,1012.0,27.438820836342238,35.75611835756225
791.asc,171.23076923076917,157.33333333333334,364.0,69.07692307692308,0.608061845979055,0.06747296930699308,727.5,11.463710859345095,8.964576753178946
792.asc,188.1818181818182,170.54545454545453,467.6363636363636,102.9090909090909,0.37949631620255103,0.11393131099551858,845.6363636363636,15.511126371811752,11.815244390193543
793.asc,187.63636363636363,131.0,198.6,85.0909090909091,0.32427887407862116,-0.019002806621081825,871.6,40.47517757836277,35.56527644893104
794.asc,173.0,167.59999999999994,299.99999999999994,89.375,0.7265912942298791,-0.02154090467649709,617.0666666666667,146.23244813955927,155.05298633508667
795.asc,181.33333333333334,165.0909090909091,383.8181818181818,86.0,0.1837630420036104,0.13523387111794877,816.0,18.625495722506045,16.34625339336204
796.asc,210.8,205.11111111111111,453.55555555555554,74.4,0.5139864686794132,0.10963683336071497,962.8888888888889,15.088217952682628,20.0124960961895
797.asc,178.0,180.36363636363637,406.0,70.16666666666669,0.5884318327635042,0.16111210864837663,773.6363636363636,30.87591802764068,19.44222209522358
798.asc,193.99999999999994,132.6666666666666,355.49999999999994,92.30769230769232,0.6879454022916532,0.0975753192623136,720.0,24.097026095903757,15.063501947060349
799.asc,203.55555555555546,187.0,439.75,74.44444444444444,0.2868090801682446,0.24031475497826868,1045.25,50.11923283530984,62.00921590491898
800.asc,223.111111111111,201.49999999999997,492.5,94.22222222222223,0.3163968969335358,0.2582094682894146,1060.0,24.20743687382041,34.334489116006125
801.asc,206.5,168.44444444444446,327.3333333333333,88.5,0.3036513566767507,-0.07138563367625292,611.0666666666667,9.117504531882005,4.65985898008574
802.asc,192.9090909090909,158.59999999999997,266.79999999999995,87.27272727272724,0.2743498940900072,0.002235890556532407,894.8,27.888348821685373,26.00854560417488
803.asc,239.27272727272728,121.77777777777777,261.77777777777777,59.8181818181818,0.43421547647449615,0.06716766388364664,893.0,233.66685687105905,409.48585649160907
804.asc,166.28571428571428,167.84615384615384,281.38461538461536,68.42857142857143,0.5724789778300953,0.01755591494800859,701.0769230769231,41.669877588311344,43.431939092485074
805.asc,176.54545454545453,141.40000000000003,387.00000000000006,77.99999999999996,0.17449043528175692,0.18050559404269567,868.6,302.522792529753,283.5567746403609
806.asc,173.33333333333337,223.0,441.09090909090907,99.0,0.6971853906334243,0.09606257366855658,813.8181818181819,13.113616669277791,10.69579356569675
807.asc,153.25,166.0,276.6666666666667,54.125,0.9581377763902408,0.027376462022805807,586.0,122.58548038001891,137.82908670834738
808.asc,177.69230769230768,155.5,273.0,59.076923076923094,0.28510597151630723,0.005082950220571987,760.3333333333334,44.11978644050258,49.861626710144726
809.asc,,,,,,,,,
810.asc,225.0000000000001,145.71428571428584,382.0000000000001,73.0,0.5994335447220887,0.028191445873927565,1035.4285714285713,493.8926595766265,908.1108596054412
811.asc,168.83333333333334,189.63636363636363,417.63636363636374,91.0,0.5239179913839743,0.17909939887232315,806.7272727272727,18.513341180156882,20.376457003120045
812.asc,176.0,216.8,399.6,55.42857142857143,0.9110934820064053,-0.03386921493327771,700.9230769230769,167.39196816429742,287.80201528133887
813.asc,225.77777777777777,158.25,402.9999999999999,102.66666666666667,0.3468792739015922,0.05711666159781269,1061.25,174.43605561924403,288.6876710713006
814.asc,176.74999999999994,110.93333333333334,304.1333333333333,107.375,0.46315038268064534,0.1076592718561933,612.1333333333333,30.035238563320178,29.213499814787195
815.asc,155.125,174.0,325.33333333333303,50.750000000000014,0.9794217936319247,-0.0804196589681415,605.8666666666667,146.49772087722806,172.08718720462602
816.asc,259.6666666666667,148.0,383.7142857142857,80.33333333333333,0.8875504547474161,-0.025509080439246577,828.1818181818181,194.2097358208473,334.85997073403684
817.asc,197.33333333333334,182.0,418.2000000000001,88.0,0.8585135957087795,0.1317342854573567,793.2727272727273,4.84469548889972,5.830951894845301
818.asc,151.14285714285705,201.3846153846154,372.7692307692308,98.71428571428562,0.5042501416512775,0.11937534870737869,667.8461538461538,10.854606635300085,10.908712114635714
819.asc,184.26666666666668,158.85714285714286,394.57142857142856,106.13333333333334,0.6223239878584328,0.2612833089501466,636.8571428571429,24.45654204869511,16.200664753692624
820.asc,219.5,225.6,418.8,74.375,0.9140209623856614,0.038720744069409126,627.3333333333334,135.26599309837223,215.97420480894738
821.asc,207.6363636363637,129.45454545454547,412.9090909090908,109.63636363636364,0.6908577552241281,0.30129303745208663,854.0,7.336087637029824,6.663332499583072
822.asc,289.5000000000001,192.0,419.14285714285717,91.25000000000011,0.5753094807406404,0.06256351110014127,1198.2857142857142,28.45404458176771,33.08574718314016
823.asc,224.4,180.0,407.55555555555554,90.4,0.2943278855134888,0.1445536887499104,1007.3333333333334,66.79321322809177,59.73692325521963
824.asc,181.6,164.22222222222223,432.22222222222223,94.6,0.5246664244428277,0.11113237142100178,896.6666666666666,26.00854560417488,43.846322536787504
825.asc,203.77777777777783,180.0,433.25,108.22222222222223,0.3662212583659985,0.24804340800305383,1100.0,58.44655678480983,72.19814006310293
826.asc,188.46153846153845,168.66666666666666,421.00000000000006,90.76923076923077,0.5949301287541553,0.10920249347579941,734.5,10.004165798972613,9.704731741878195
827.asc,188.5,138.0,264.6666666666667,63.166666666666664,0.23539379997557572,-0.010942666430424887,786.5,76.55988941127507,75.75318775170756
828.asc,252.22222222222223,252.75,438.5,139.11111111111111,0.9171698960925477,0.183951356423765,998.75,188.24966799439514,313.0997102704322
829.asc,203.63636363636363,189.11111111111111,337.3333333333333,84.18181818181819,0.675048640973031,-0.06821708274772438,873.2,3.1240998703626617,4.988876515698588
830.asc,158.0,129.83333333333334,300.0,87.6923076923077,0.43448225875307916,0.03809365690971275,769.0,12.288205727444508,5.8153402151707185
831.asc,161.69230769230762,166.99999999999997,438.3333333333333,82.15384615384602,0.509610980024815,0.15591472842502052,781.1666666666666,8.811293258590867,10.634420957010734
832.asc,185.0,197.11111111111111,457.77777777777777,90.4,0.684004032450385,0.09350824396757106,972.6666666666666,18.012341448141726,10.88577052853862
833.asc,204.72727272727272,159.42857142857142,371.14285714285717,65.45454545454545,0.45472206473701626,0.032221688937441054,853.2,216.88005901880422,257.4740547878347
834.asc,164.16666666666666,243.2727272727273,447.45454545454544,98.0,0.8755048248353136,0.05190582503389605,818.9090909090909,34.27550024952768,51.536394906900505
835.asc,206.0,203.11111111111111,492.44444444444446,115.0,0.5823680487185748,0.08911799632358283,1008.4444444444445,18.22764147058656,19.170289512680814
836.asc,170.62500000000003,154.0,335.06666666666666,70.12500000000003,0.41822224739673775,0.01977179820780261,589.7333333333333,1.9136933459209766,1.8516401995451028
837.asc,185.4,144.44444444444446,421.9999999999999,76.6,0.7402543458315132,0.3600555701275643,989.7777777777778,6.629526173411688,9.1104335791443
838.asc,176.66666666666674,150.6,288.3636363636364,76.33333333333337,0.42252535752166565,0.015831761632393554,827.2727272727273,5.986210048419755,5.291502622129181
839.asc,252.66666666666666,203.2500000000001,465.5000000000001,96.66666666666667,0.31024196212631633,0.04880812478374048,1002.2222222222222,266.9306101167192,344.0014534853014
840.asc,243.0,153.55555555555554,410.6666666666667,98.8,0.45867081464136794,-0.0016525522307465675,893.0,14.512063946937388,21.653842358548953
841.asc,182.18181818181827,179.4285714285713,466.0,95.81818181818174,0.5357857345324348,0.0034838879555127156,901.0,24.43358344574123,22.130923563597108
842.asc,122.30000000000004,103.15789473684211,235.68421052631578,39.50000000000004,0.4653502891142405,0.060033212389309074,474.3157894736842,1.865267910175721,2.160246899469287
843.asc,203.83333333333326,105.27272727272727,380.1818181818182,104.5,1.4618633534211025,0.3447105623203448,835.2727272727273,7.046480863664036,7.899367063252599
844.asc,127.2380952380952,137.3846153846153,247.53846153846155,62.38095238095238,0.19924094135448994,0.008884441651267411,463.9,3.2542280190545956,1.5894388284780525
845.asc,115.09090909090905,154.0,202.2,35.81818181818182,0.19070328543107276,0.051130801421990335,404.0,8.846517369293828,13.490737563232042
846.asc,,,,,,,,,
847.asc,127.88888888888886,149.6,252.26666666666674,58.33333333333331,0.19575062392385817,0.005125971162923548,544.7058823529412,9.528685520619572,6.910137480542627
848.asc,182.0,153.5000000000001,362.88888888888897,72.6,0.4249757383909146,0.19847489338440427,911.7777777777778,163.18072992018375,292.3020697839822
849.asc,188.72727272727272,170.0,413.75,49.09090909090909,0.3053808700101464,0.1151483151741261,896.4,50.08632547911655,87.50111110405652
850.asc,208.0,197.4285714285713,383.1111111111111,131.4,0.9045075285841395,0.35909961479989616,991.1111111111111,57.48902203308896,44.22103571830945
851.asc,204.92307692307693,154.3636363636363,322.54545454545445,59.07692307692306,0.2838966511135558,0.0718148854255733,731.8333333333334,96.60730936229527,167.53507095530773
852.asc,194.1999999999999,215.33333333333334,485.77777777777777,95.1999999999999,0.6623921836549498,0.2648750900550252,970.2222222222222,28.758680922376495,21.27204738618265
853.asc,182.2857142857143,154.5000000000001,373.25,70.14285714285704,0.4929927444328909,0.21961038849466333,677.2857142857143,137.96191429491824,188.18812191732303
854.asc,232.2,186.5,375.3333333333333,71.0,0.5270547790790762,0.09617291861225033,995.3333333333334,19.595917942265423,26.720778431774775
855.asc,163.5,96.90909090909099,372.54545454545456,68.49999999999999,0.37416846072129145,0.1290675198864816,832.5454545454545,11.154808472856704,8.740709353364863
856.asc,174.66666666666666,126.0,391.3333333333334,105.5,0.3480353103938109,0.12807250266123996,744.8333333333334,33.72890287111173,36.90282078402926
857.asc,194.2,176.22222222222223,453.77777777777777,92.6,0.5214834112684763,0.2106758779886792,945.1111111111111,5.506449641495053,8.12403840463596
858.asc,213.4285714285715,132.0,386.7692307692308,100.14285714285714,0.5224892287882877,0.2651459109933318,691.6923076923077,25.730510519568654,14.212670403551895
859.asc,184.0,122.66666666666674,217.33333333333334,55.833333333333336,0.1419881699792082,-0.006207303002578763,758.6666666666666,131.43650769689356,108.6395206844427
860.asc,224.0,200.20000000000005,265.80000000000007,66.54545454545459,1.1357415414079726,-0.07992973291330291,866.6,4.903060268852505,5.849976258261415
861.asc,152.9333333333334,151.4285714285715,394.7142857142857,86.93333333333335,0.6585926142614046,0.09323863130701156,645.4285714285714,4.562491263620375,5.519197266046799
862.asc,207.5,173.63636363636363,444.90909090909093,61.333333333333336,0.4724048882509943,0.19246633363992185,816.5454545454545,6.27206847660376,8.17312669668102
863.asc,249.55555555555554,177.49999999999994,425.49999999999994,55.55555555555556,0.6944001112965845,0.10822467926056109,1105.25,5.2855936279664935,7.521398046336104
864.asc,157.07692307692307,150.66666666666674,333.5,49.84615384615385,0.14344916045394737,0.07712435436279094,735.0,24.933244206614322,19.46558735073491
865.asc,177.1666666666667,104.72727272727276,370.72727272727275,91.66666666666667,0.36432113356025714,0.12325233867213964,809.4545454545455,9.838363097068132,11.40175425099138
866.asc,215.1666666666666,177.99999999999991,373.81818181818176,121.50000000000004,0.41889950930602904,0.006310177368928405,802.9090909090909,13.574404694494612,19.068298298484844
867.asc,175.07692307692307,172.44444444444446,281.59999999999997,89.84615384615384,1.2205326155340273,-0.08560060970717129,766.6666666666666,70.4525056726555,76.37467452690656
868.asc,186.36363636363637,133.2,249.2,57.81818181818182,0.3876854190291931,0.0039547986233809665,856.0,70.49538992019265,53.18312180047768
869.asc,157.2,156.7142857142858,333.857142857143,77.20000000000003,0.13937238184127304,0.04736777366884577,616.4,141.76261848597466,217.81381302125249
870.asc,238.44444444444446,263.9999999999999,487.11111111111103,83.11111111111111,0.3861722209512774,0.14802049253014402,986.6666666666666,32.903900478008175,34.51086785347479
871.asc,227.23076923076923,159.69230769230768,440.0,84.7692307692307,0.7996139360013588,0.17069112736649328,724.3076923076923,20.900440243374394,25.344295873693817
872.asc,210.6,256.2857142857143,501.55555555555554,102.8,1.3123172965220393,0.22494575786113685,939.3333333333334,23.683092891108814,31.10466202999158
873.asc,170.76923076923077,177.63636363636354,275.1666666666667,72.3076923076923,0.7795538590555904,0.01442915383390426,717.3333333333334,10.143416036468626,14.38433491368617
874.asc,153.875,138.85714285714286,267.46666666666664,72.5,0.47168513130871825,0.04659506048977659,581.0666666666667,1.4360439485692011,1.7728105208558367
875.asc,170.8,162.22222222222223,483.55555555555554,97.8,0.29142335053769125,0.11231929801427913,991.3333333333334,75.17682858138906,140.14991972883894
876.asc,186.8,148.0,436.44444444444446,70.2,0.21038371486077598,0.17285636610412364,932.8888888888889,15.523777063620427,25.029982021567655
877.asc,176.3333333333333,157.16666666666666,439.50000000000006,73.50000000000004,0.7744029003685171,0.15494540278952793,780.5,3.476108935769035,5.187397315522584
878.asc,194.1818181818181,136.00000000000009,400.0000000000001,100.0,0.5514622295327379,0.21780651202976467,898.4,14.880860190190619,9.977753031397176
879.asc,177.24999999999994,193.53846153846155,410.0,100.37499999999994,0.40158401039072494,0.08343637221735731,571.25,42.84200625554317,48.508418513353604
880.asc,185.00000000000009,172.66666666666666,445.0,75.79999999999991,0.6015174872897426,0.1417705143306264,858.1818181818181,90.55166097750568,153.08298403153762
881.asc,178.4,148.85714285714292,296.85714285714295,68.0,0.08256041443475708,0.01443595877333635,625.7142857142857,65.0136563362197,86.14299382198988
882.asc,219.63636363636363,142.59999999999997,370.6,79.0909090909091,0.1695577131959147,0.15557313152968358,839.8,156.73021406225413,282.78928158220174
883.asc,212.66666666666666,106.0,274.72727272727263,76.5,0.4111722409045084,0.053221665511494855,822.7272727272727,166.87779464958015,264.6900073671086
884.asc,246.2,172.00000000000006,446.0,149.4,0.5533680825552365,0.19585977359886184,906.4,43.78858298689283,37.73592452822641
885.asc,218.4,175.55555555555566,409.77777777777777,84.0,0.6598543553540449,0.0727629225361776,1000.6666666666666,43.95957739155876,53.59570878344646
886.asc,162.33333333333334,170.8333333333334,391.1666666666667,93.0,0.10732082034720904,0.06271013634301328,767.5,76.14514648573035,88.00619812883016
887.asc,200.76923076923077,123.66666666666667,369.6666666666667,109.07692307692308,0.7520879964723319,0.249121442971875,755.6666666666666,25.907956735764056,22.55498332358667
888.asc,164.0,136.33333333333334,382.8333333333333,92.92307692307699,0.45761102633743295,0.17687454439784697,759.0,3.696845502136472,5.009082659620331
889.asc,155.16666666666666,177.16666666666663,425.50000000000006,88.83333333333333,0.464936003537496,0.40434126038459983,745.0,72.19187396561102,84.09302208647495
890.asc,165.57142857142858,206.76923076923077,424.46153846153845,79.14285714285712,0.18372027620748768,0.15101033277596634,710.3076923076923,10.893785210523372,7.438637868140466
891.asc,191.33333333333337,166.0,443.0,99.55555555555556,0.4346098059470161,0.4294931562805584,1080.25,27.229349973879287,44.21376644052328
892.asc,171.42857142857142,142.92307692307688,365.2307692307692,88.42857142857143,0.2883881174834362,0.1383665223692644,669.8461538461538,16.833328451187604,18.193405398660254
893.asc,168.0,159.42857142857142,419.0,83.86666666666666,0.37364657683711294,0.16769511246133947,664.8571428571429,9.876792009967774,17.506042912706985
894.asc,168.76923076923077,145.2,421.2,50.615384615384684,0.8555793764834999,0.11984767170201573,768.3333333333334,101.65245802351374,191.59521724909334
895.asc,189.33333333333334,159.8181818181818,382.54545454545456,79.0,0.19686550709432024,0.16762602872114338,777.0909090909091,98.05513712883875,83.5224520712844
896.asc,183.125,193.84615384615384,277.85714285714283,84.25000000000003,0.6757517654542529,-0.06132804757339031,627.7333333333333,8.910418371521931,8.750510189207745
897.asc,160.28571428571428,144.0,323.6666666666667,95.71428571428571,0.5350803595635045,0.021353901305092047,718.7692307692307,46.39322537770731,51.829849829353485
898.asc,208.18181818181822,128.4,404.6,107.09090909090914,0.5344627078149817,0.12552413237384305,901.0,30.215889859476256,28.10298521114399
899.asc,197.0,132.44444444444446,312.0,95.39999999999998,0.5936936514806858,0.04693657359455825,912.0,4.988876515698588,6.670832032063167
900.asc,180.19999999999993,167.33333333333337,461.3333333333333,82.2,0.49692436664791384,0.15388752613377116,952.6666666666666,34.51247761478609,48.877397639399746
901.asc,151.8,138.25,225.25,97.2,0.346066899333255,0.05742802744657884,773.8333333333334,203.24280771749068,353.5857874560417
902.asc,190.3333333333334,170.54545454545462,271.45454545454555,97.5,0.49185035842521846,-0.02239467913375157,772.5,25.627134057478997,40.50140289377192
903.asc,171.4000000000001,144.88888888888889,427.5555555555555,98.2,0.6752176637088544,0.14786185071506486,907.1111111111111,6.999118110232721,6.892024376045111
904.asc,173.8571428571429,105.84615384615384,341.38461538461536,80.14285714285714,0.40979059730762224,0.17109747531415137,723.6923076923077,13.02887099060931,14.27118308573843
905.asc,162.16666666666666,162.72727272727272,431.27272727272737,86.0,0.6052692967958442,0.23829081637270913,788.7272727272727,8.995866819529441,6.164414002968976
906.asc,180.8888888888888,113.99999999999991,298.25,109.77777777777767,0.5044471076655263,0.006741484545792525,1063.5,13.88344337691482,13.60672102833218
907.asc,263.25,166.0,458.85714285714283,61.75,0.5511085763693613,0.25735468647159765,1270.857142857143,132.72897043161578,159.93540362700602
908.asc,188.0,163.0000000000001,419.25,90.22222222222223,0.5412898657604645,0.29429796309230233,976.0,47.47630988187688,49.759421218498915
909.asc,196.4615384615384,203.0,361.3333333333333,111.6923076923077,0.9653771745406582,0.081535928114122,711.5,5.780715065341542,5.291502622129181
910.asc,210.83333333333334,148.0,264.90909090909093,72.33333333333333,0.0782764587096165,0.006791506856991763,851.8181818181819,100.92465072501832,145.54999141188569
911.asc,160.66666666666663,174.28571428571428,297.7142857142857,78.99999999999994,0.7098730090612659,0.03493434980901822,550.7058823529412,2.6516300399022694,3.2015621187164243
912.asc,232.0,130.0,385.77777777777777,128.6,0.5991817737958575,0.3580755068110867,940.6666666666666,39.6540596212348,63.130816563703654
913.asc,198.3333333333333,181.45454545454547,436.72727272727275,61.666666666666664,0.75008976756077,0.17684536531907966,805.8181818181819,3.7614837937413093,3.03315017762062
914.asc,201.66666666666666,157.09090909090918,369.27272727272737,127.83333333333341,0.7793906806073174,0.14351812841516723,812.3636363636364,17.905168005978446,9.939818911831342
915.asc,180.6153846153846,159.99999999999991,406.5,92.15384615384622,0.6237380804233064,0.1268941147109264,753.1666666666666,16.58228639911343,9.610600208292736
916.asc,182.36363636363637,170.99999999999991,439.2,85.81818181818181,0.4212044467716627,0.18897435258811562,881.8,28.077749197540744,23.065125189341593
917.asc,196.30769230769232,137.33333333333326,368.6666666666667,94.0,1.6465326524258568,0.17842430776912435,725.8333333333334,12.232697531161675,11.393778206467854
918.asc,198.88888888888883,176.5,426.5,75.33333333333333,0.292278822039296,0.25138550103451973,994.5,38.55839726959615,29.732137494637012
919.asc,179.12499999999994,141.33333333333334,348.93333333333334,70.12499999999994,0.27672538346299747,0.177793247343351,604.5333333333333,14.188571300717896,10.169983846032963
920.asc,184.72727272727272,157.3333333333333,356.2,86.0,0.44989388207772446,0.06308033952579745,859.6,38.861806442830215,24.585451886114367
921.asc,222.7272727272727,235.2,494.6,105.81818181818177,0.3150349151512526,0.07685536047814988,861.4,11.31547612785251,17.358955421722047
922.asc,183.6,172.8888888888888,443.1111111111111,86.20000000000009,0.6789004756725612,0.19448580397095516,931.1111111111111,33.53420954602245,26.814175355583846
923.asc,178.8,131.55555555555551,232.66666666666666,74.99999999999997,0.7901333811156744,-0.02281844928461742,940.6666666666666,21.186998109427602,28.556960622587273
924.asc,193.2,187.42857142857142,361.85714285714283,86.26666666666667,0.6034074710952051,0.04019694557526875,660.5714285714286,37.02067817105594,39.86901631014316
925.asc,194.53333333333333,155.71428571428572,388.85714285714283,117.6,0.1912353117073294,0.1166539319826802,641.8571428571429,22.443125396232595,27.231203820956235
926.asc,184.61538461538456,125.66666666666656,348.3333333333333,52.61538461538461,0.4011781292166907,0.12264259724870065,750.8333333333334,141.88835595479836,209.42084640524905
927.asc,212.8,113.2,398.0,81.8,0.7424591907682007,0.16258205950885002,896.4,57.71516265246074,46.64285106589814
928.asc,164.92307692307693,142.83333333333334,195.33333333333334,70.15384615384609,0.5007918269700664,-0.04719603302123592,733.3333333333334,6.446359868604572,6.0
929.asc,172.1904761904762,166.57142857142844,210.25,89.42857142857143,0.7378732307451854,-0.15118199717667272,352.3076923076923,21.438228311502204,24.954358336771556
930.asc,145.7,134.77777777777783,227.0,52.4,0.15036748826956023,0.006724012813527555,486.7368421052632,31.05316681073074,31.930480039541457
931.asc,165.11111111111114,195.5,454.75,100.88888888888891,0.6782684010729438,0.08321435145764272,1084.5,6.383572667401852,9.471762545286158
932.asc,209.86666666666667,151.3846153846154,346.14285714285717,110.4,0.6876042675116133,0.2223887878260817,639.4285714285714,4.435478484645721,3.6794648440311994
933.asc,212.1818181818182,173.42857142857142,438.28571428571416,115.63636363636364,0.5591476249939186,0.1188424941921715,750.5454545454545,35.42049647094086,40.03998001997503
934.asc,177.125,153.66666666666666,221.07692307692315,85.49999999999994,0.017037928478042096,0.015875127168117238,586.5333333333333,145.1279282411058,184.0566682922875
935.asc,156.30769230769232,177.0,321.27272727272737,65.23076923076923,0.6099898353611475,0.011231285493527341,740.0,14.259499757471625,10.392304845413264
936.asc,209.6,154.2222222222222,370.22222222222223,56.6,0.1703576631966492,0.1106609496247215,930.8888888888889,8.061492065429801,11.113055385446435
937.asc,205.33333333333334,161.27272727272728,402.0,91.66666666666667,0.5842718096142075,0.5632012689042862,850.7272727272727,19.82235152131832,17.966635745180564
938.asc,166.92307692307693,183.3333333333333,432.99999999999994,82.15384615384616,0.10472543299155047,0.15122278750977874,742.3333333333334,47.69230079955836,39.26599268856171
939.asc,197.84615384615392,171.6666666666666,418.1666666666667,94.4615384615384,0.5251705400033431,0.17185441003025204,763.0,7.047458170621991,3.8138503569823694
940.asc,156.71428571428572,158.30769230769238,228.46153846153854,77.28571428571429,0.4024596314580137,-0.051322305964996304,672.6153846153846,1.820332240953728,2.70801280154532
941.asc,182.4,167.55555555555554,427.55555555555554,85.6,0.440565217419313,0.0568185869045942,937.3333333333334,18.37873166945363,23.043437243605826
942.asc,202.57142857142858,141.69230769230768,234.76923076923077,71.71428571428571,0.6049880022270245,-0.012129556293120727,674.7692307692307,33.936941175235006,56.03272853133842
943.asc,246.0,120.5,421.7500000000001,92.0,0.3161753810457748,0.17132876669653888,988.25,313.46999457683347,508.2356034079358
944.asc,202.6153846153846,183.16666666666666,439.49999999999994,80.92307692307692,0.34271858954957113,0.1534630549582835,783.1666666666666,50.12290450039338,48.320897041643285
945.asc,181.27272727272728,165.77777777777777,376.6,97.27272727272727,0.47671828428595114,0.3611165639497532,880.0,34.836762191684805,32.37282811247729
946.asc,172.28571428571428,174.54545454545448,300.72727272727275,66.57142857142851,0.19932532989006999,0.02578955194521173,730.3076923076923,154.4515779810242,196.77991089878392
947.asc,170.33333333333334,181.39999999999998,425.8181818181818,91.33333333333333,0.5904370312770265,0.13686133066644288,804.9090909090909,10.31728069753535,5.513619500836088
948.asc,161.16666666666666,143.2727272727272,403.6363636363636,71.16666666666667,0.6210653789661087,0.1567415527247452,791.4545454545455,9.68939097779944,4.604345773288535
949.asc,182.16666666666666,113.0909090909091,272.0,55.0,0.5339804835055633,0.0056329668953054276,767.8181818181819,1.33608531424537,2.1908902300206643
950.asc,157.28571428571428,176.66666666666666,288.0,63.000000000000064,0.19774557991245348,0.01238853995368297,485.89473684210526,68.75884229211397,101.81792027383436
951.asc,219.1999999999999,218.25,359.75,95.79999999999991,1.1893561078429655,-0.07424452504801925,958.4444444444445,85.45708619094682,95.79144011862438
952.asc,158.30769230769232,158.7999999999999,215.83333333333326,85.38461538461539,1.2298515852596141,-0.09683983045827725,760.6666666666666,8.055363982396381,13.483997249264842
953.asc,232.25,168.28571428571428,452.85714285714283,72.75,0.2867313852591914,0.08226974095757524,1162.857142857143,25.897758156856366,25.4296414970142
954.asc,202.66666666666657,178.0000000000001,459.7500000000001,112.66666666666667,0.5266971897697628,0.23813824557307747,985.7777777777778,32.392652725846396,28.478061731796284
955.asc,189.1666666666666,213.8,294.72727272727275,84.33333333333324,0.4690524044625848,-0.03194729984310844,850.3636363636364,103.6070133878035,119.39514227974269
956.asc,167.78947368421058,151.66666666666666,335.66666666666663,107.89473684210532,0.46454744853013596,0.08256326757259175,506.8888888888889,6.0082248153758995,3.217598666159375
957.asc,163.2,146.46153846153845,262.1538461538461,86.40000000000002,0.40348973357544077,-0.02605955327817514,617.2857142857143,6.076048662324783,6.586699885725429
958.asc,149.00000000000003,164.50000000000003,376.5,75.1666666666667,0.3307578235445537,0.057969439052076015,768.6666666666666,4.346134936801766,5.081159495448044
959.asc,157.07692307692307,178.16666666666666,394.1666666666667,86.76923076923077,0.5136100890995061,0.09730998784014895,769.8333333333334,34.12192192060048,42.958754002584215
960.asc,173.83333333333326,182.9090909090909,398.0,80.33333333333326,0.6266490822778411,0.053763810985631814,846.5454545454545,3.3128849378706544,2.6076809620810595
961.asc,237.2,185.14285714285714,355.7142857142857,58.4,1.0731399218721622,-0.005713822263577553,938.8888888888889,4.228066131208989,5.338539126015656
962.asc,215.0909090909091,152.39999999999995,306.59999999999997,77.45454545454545,0.06707743821194072,0.08341759519885779,873.4,154.26743013351845,249.11041728518703
963.asc,195.50000000000006,125.06666666666666,346.93333333333334,106.87500000000006,0.5182493764618046,0.06719539908144656,591.2,8.997777503361593,10.2399776785471
964.asc,150.92307692307685,161.8181818181818,419.1666666666667,82.0,0.4472214615607385,0.1341328588668653,735.6666666666666,28.23512391016236,28.976479490034045
965.asc,147.55555555555554,157.0,277.0,75.44444444444444,0.9597189515711645,-0.07358491673379905,533.5294117647059,17.48316045953875,25.5049014897137
966.asc,170.93333333333334,119.57142857142857,268.4285714285714,81.6,0.21982669281845119,0.026807454011489335,677.4285714285714,27.706920965487218,34.840294973581294
967.asc,231.0,171.1111111111112,449.55555555555554,111.2,0.5514789174323187,0.19738615659518707,993.1111111111111,53.60025796879142,57.328003628244375
968.asc,178.85714285714286,135.8,353.0769230769231,74.00000000000003,0.6893002477910825,0.2911121338844765,696.9230769230769,12.54200044442389,8.144527815247077
969.asc,198.00000000000003,136.88888888888883,381.55555555555543,59.60000000000002,0.8216214822343707,0.12561806620563204,938.6666666666666,14.079141387961917,13.820274961085254
970.asc,168.33333333333334,155.8181818181819,346.3636363636364,97.66666666666667,0.5266462144714755,0.22556108817671974,806.9090909090909,43.98647425465437,22.181073012818835
971.asc,183.6,111.77777777777777,418.44444444444446,78.0,0.863235800687996,0.3714583705324813,980.0,33.87558937576667,19.79898987322333
972.asc,176.92307692307696,221.39999999999995,432.54545454545456,59.69230769230769,0.4947949960996499,0.21140984113649014,773.6666666666666,66.07487335507264,99.74512975123602
973.asc,162.66666666666666,197.0,403.8,58.666666666666664,0.7771882859304803,0.06069703973441757,830.3636363636364,18.68043569315101,17.378147196982766
974.asc,199.23076923076923,180.75,271.55555555555554,92.30769230769224,0.6370137549523329,-0.041261057993079074,729.6666666666666,261.8572554316993,409.743156801251
975.asc,198.00000000000009,142.5454545454546,381.45454545454555,110.16666666666667,0.6580921377816898,0.3330378485171307,831.4545454545455,12.851343306961667,9.979979959899719
976.asc,154.46153846153845,142.66666666666666,389.8333333333333,87.53846153846153,0.2859932679573927,0.18410976953084904,778.5,26.871608313112436,29.2699038728738
977.asc,185.8181818181818,165.20000000000005,346.20000000000005,75.45454545454541,1.0027442562337898,-0.011950198243039433,919.8,12.851459061133875,16.22070008079525
978.asc,260.8888888888888,208.5,459.5,139.55555555555554,0.6202470607658961,0.09320553929059583,1038.0,11.789826122551595,13.005493344846904
979.asc,177.14285714285714,180.90909090909088,398.00000000000006,98.14285714285714,0.23524014170745816,0.11532338963734287,711.6923076923077,45.70033599503587,29.268868558020255
980.asc,146.76923076923077,151.16666666666666,307.2307692307692,70.15384615384616,0.5131852649419063,0.009608905073126645,698.6153846153846,4.53259072697115,4.83045891539648
981.asc,180.92307692307688,152.61538461538456,413.53846153846155,82.61538461538461,0.42899899015967513,0.020301176660730468,720.6153846153846,48.2135290006677,46.10495273467555
982.asc,227.15789473684205,98.58823529411762,302.2352941176471,103.57894736842105,0.5919149653295525,0.04667914085357282,505.6666666666667,1.5275252316519468,2.1143765594836976
983.asc,183.14285714285714,212.30769230769232,322.7692307692308,102.28571428571429,0.6320709636024409,-0.013907094887367364,670.6153846153846,12.511769606983053,15.853495934125487
984.asc,235.33333333333334,206.0,456.4999999999999,97.77777777777777,0.876473426553666,0.2160044661247303,1045.7777777777778,43.893248728598536,42.0
985.asc,237.5,153.27272727272728,283.6363636363636,82.5,0.3168311406416186,0.07710635171194073,847.2727272727273,142.6815213295878,231.3611894851857
986.asc,251.33333333333334,174.75,421.25,89.55555555555556,0.25714322856402805,0.13181934534868334,1062.75,49.9893738708538,51.85143612834102
987.asc,216.6,134.66666666666666,371.3333333333333,118.4,0.7197169432151422,0.0884690952359142,938.2222222222222,12.126901021904226,14.33527118683145
988.asc,183.2,152.88888888888889,423.77777777777777,73.2,0.38557047098678954,0.1704537679473129,923.7777777777778,5.028314888437672,6.670832032063167
989.asc,190.20000000000013,99.2,358.0,69.80000000000004,0.5129504988548592,0.10034555380333185,942.4,41.54804447865146,46.033804004352184
990.asc,166.85714285714283,127.66666666666667,235.66666666666666,66.4285714285714,0.3815949538856754,0.0002847401586948494,696.9230769230769,6.95547972643527,6.757711644237764
991.asc,239.99999999999997,150.1818181818181,352.0,75.33333333333333,0.7330687835212606,0.06110848827904764,773.8181818181819,168.91838706192794,282.5519421274609
992.asc,215.63636363636363,178.8000000000001,467.2000000000001,121.45454545454545,0.17099158236170184,0.16140715430836358,901.0,47.80167361086848,53.47896782848375
993.asc,,,,,,,,,
994.asc,178.875,146.53333333333333,379.06666666666666,90.75,0.3702278333103999,0.08662893887149761,596.0,26.209413067318643,17.204650534085253
995.asc,248.00000000000014,178.4999999999999,407.9999999999999,65.9999999999999,0.2599870691495008,0.08946620333031247,1018.75,18.91923624251254,25.25300547883926
996.asc,177.8181818181818,176.4,408.8,81.0909090909091,0.38338761318876186,0.06300892654422367,891.8,17.876241215647095,14.802402207449678
997.asc,201.0,154.88888888888889,230.6,74.8,0.9771283520785925,-0.042657472416558706,904.8,25.584370228715812,30.02961501214722
998.asc,159.85714285714286,157.23076923076923,370.9230769230769,83.28571428571429,0.35043846458547667,0.07486310805376492,704.3076923076923,48.46471296073942,53.23532661682466
999.asc,173.46666666666667,126.30769230769224,254.28571428571422,69.2,0.8787983224475046,-0.004251351954640072,616.2857142857143,149.43102975306442,212.79893001466107
1000.asc,183.45454545454547,161.0,252.2,65.63636363636364,0.8039732599408663,-0.0784756102192135,882.6,10.121264743103996,16.97056274847714
1001.asc,153.00000000000006,169.63636363636354,303.2727272727272,51.62499999999997,0.3648176830258455,0.007331029151622533,578.8,13.44222203853713,17.96027362184186
1002.asc,167.16666666666666,98.7272727272728,254.54545454545462,78.66666666666667,0.3423087668366355,-0.012994132584821119,812.1818181818181,15.40848751835513,18.525657883055057
1003.asc,209.11111111111111,204.0,478.22222222222223,102.22222222222223,0.32164723956245433,0.20629340206885566,1025.5555555555557,15.798108966378864,17.790446874657196
1004.asc,213.84615384615384,148.88888888888886,395.3333333333333,74.46153846153847,0.4506702078019106,0.059335548127402916,779.5,167.12894223722392,320.2799911441124
1005.asc,199.71428571428575,184.15384615384616,409.84615384615387,107.00000000000003,0.2870909897468134,0.1428825831810757,682.0,30.73459589152564,21.740898478827106
1006.asc,182.36363636363637,163.77777777777777,443.11111111111103,97.81818181818181,0.6270058133168959,0.11303368689167655,860.4,59.93863528643275,82.72847151978574
1007.asc,193.0,127.4,273.8,73.66666666666664,0.6790996077555067,0.05806876087235971,815.8181818181819,115.1740328860619,156.46085772486356
1008.asc,158.4,139.85714285714286,377.57142857142856,79.2,0.4336682434363726,0.1581467901621271,623.7142857142857,2.4907993963089563,1.9215378456610457
1009.asc,255.4,199.33333333333334,384.22222222222223,133.8,0.7948896752876189,0.239822023363307,998.0,63.854000135726295,71.73911067193404
1010.asc,265.1111111111111,148.88888888888889,427.11111111111103,115.11111111111111,0.4873878142684078,0.15917689937918264,1046.6666666666667,49.6923870762246,63.470465572579506
1011.asc,195.5,147.8181818181818,431.27272727272725,83.83333333333333,0.28205589768688305,0.33909892867353736,827.4545454545455,22.33775294454593,23.11709324287982
1012.asc,203.0,159.33333333333331,290.6666666666667,86.4,1.4902063991708583,-0.11191078418622435,938.0,18.52325865259974,15.049916943292411
1013.asc,162.23529411764702,143.86666666666662,243.19999999999993,51.647058823529335,0.3918566980488689,-0.0040484080381633526,564.125,106.11660744200222,167.10794914266248
1014.asc,169.45454545454547,187.6,429.7999999999999,100.0,0.45828220324537083,0.2045068246757857,829.0909090909091,12.573092086996706,16.29723902997069
1015.asc,173.07692307692307,188.83333333333334,455.3333333333333,85.23076923076923,0.3896710754364998,0.16948529149520397,716.1666666666666,13.795127964450188,13.764248815483738
1016.asc,162.46153846153845,126.5,217.83333333333334,62.30769230769231,0.12764063754298283,0.002348641171854462,793.3333333333334,320.5956262264904,418.7492198093139
1017.asc,167.2,196.14285714285714,424.8571428571428,86.4,0.23986895299084235,0.08934637855496029,660.8571428571429,15.83331543142561,14.915144600758602
1018.asc,188.72727272727278,149.2,422.4,112.00000000000004,0.46500416889015844,0.22114744058718738,840.4,13.821722034536798,10.85254706406647
1019.asc,193.53846153846146,167.66666666666666,378.0,91.84615384615371,1.1992212913931066,0.0940753238812972,759.1666666666666,13.25288228608739,11.473289137660727
1020.asc,143.36842105263156,155.0588235294118,235.76470588235293,49.15789473684208,0.187093523449909,0.005337744224271002,473.1,2.5670995305986875,4.078183290065372
1021.asc,229.11111111111111,212.25,479.0,91.11111111111111,0.5475191480483169,0.12155108274292063,1133.0,50.665570163573605,59.31995568826011
1022.asc,237.75,374.0,509.0,138.5,0.8684419827045087,0.0552400749267261,1111.25,46.324264700046776,44.689404305079485
1023.asc,171.3333333333333,174.57142857142858,267.14285714285717,94.8,0.7562971178727841,-0.09182611099213525,612.8571428571429,80.0668088383134,127.29251594412224
1024.asc,173.5384615384616,225.45454545454552,381.8333333333334,89.07692307692324,0.5829953747961343,0.23862262623364594,759.3333333333334,49.53337819648035,42.7551166528639
1025.asc,240.30769230769232,208.9090909090909,427.09090909090907,133.69230769230776,1.131096938253014,0.009669099909287179,789.5,21.849866513703617,26.04890505463626
1026.asc,230.5999999999999,148.0000000000001,192.66666666666657,48.4,0.3367974720283853,-0.027661102637760344,936.8888888888889,292.36523750057125,503.1068474986203
1027.asc,172.76923076923075,145.39999999999992,238.6,69.84615384615381,0.6142071238256227,0.053271800822389616,739.1666666666666,112.01921958108599,153.2698155660023
1028.asc,204.46153846153845,146.0,353.6666666666667,79.38461538461539,0.5969696231854319,0.08528885574219815,777.3333333333334,84.62203548065295,92.76558923143078
1029.asc,139.40000000000003,170.0,450.8888888888889,85.20000000000005,0.3010891864054709,0.06795827767442662,991.5555555555555,49.797615094859744,21.224985276791124
1030.asc,189.63636363636363,122.0,367.6,67.63636363636364,0.4184041456676739,0.21102339991208321,901.0,14.205632685663812,11.15546702045434
1031.asc,193.28571428571425,172.00000000000006,231.5384615384616,58.285714285714285,0.22448721900843996,-0.0301840939191713,705.8461538461538,57.78720400526021,97.97448647479608
1032.asc,186.0,168.5,413.8333333333333,110.61538461538461,0.7552092095867695,0.20662564732616298,746.5,7.794228634059948,6.660603303277892
1033.asc,178.24999999999997,166.16666666666666,249.83333333333334,76.62499999999997,0.7141287039988402,-0.0781160973201505,626.9333333333333,62.95338663558053,121.27889935422166
1034.asc,203.55555555555554,171.42857142857156,452.2500000000001,103.11111111111111,0.7127261524579792,0.22441415481023327,1092.75,32.72518143570789,48.73836857577992
1035.asc,157.57142857142864,157.0,425.0,70.85714285714279,0.6231720336161596,-0.008488534402819147,680.1538461538462,6.631465249923786,4.509249752822894
1036.asc,184.33333333333334,141.27272727272728,277.27272727272725,53.166666666666664,0.03352099877619619,0.1409897805681585,769.8181818181819,101.96061466148956,108.92382659455184
1037.asc,195.0,194.28571428571428,444.28571428571433,71.25,0.8120558321331026,0.005418760742228435,1094.5714285714287,28.679794494467664,36.39597047293377
1038.asc,204.1818181818182,124.60000000000005,397.80000000000007,75.27272727272727,0.8662928517579185,0.18719939797948923,888.6,8.2,5.291502622129181
1039.asc,147.52941176470588,172.15384615384616,273.0769230769231,57.294117647058826,0.5846962580677648,-0.05659111733647051,568.5,97.47692034527968,123.09237723487728
1040.asc,176.0,131.7999999999999,221.7999999999999,59.81818181818182,0.23659879017353536,0.03403102937567737,807.0,254.33560505756955,371.1759091799407
1041.asc,263.77777777777777,182.25,475.0,72.66666666666667,0.25732594789985797,0.27531977309585515,1044.888888888889,58.371310389121895,48.093658625644196
1042.asc,169.66666666666666,195.46666666666664,353.8666666666667,94.22222222222223,0.4648767537442532,0.03541415411262409,531.6470588235294,7.7379217187789875,3.7080992435478315
1043.asc,276.18181818181813,261.3333333333333,523.7777777777778,78.18181818181819,1.162729200534665,-0.004551179590173563,862.8,10.590561835898981,6.110100926607787
1044.asc,183.57142857142858,174.92307692307693,384.7692307692308,89.0,0.488409181249315,0.17286142264166499,728.1538461538462,110.27367783686476,129.16784945695014
1045.asc,187.45454545454547,184.2,345.0,86.18181818181819,0.4079774957526551,0.0983374275198836,868.8,26.293725487271672,14.787382008545888
1046.asc,196.54545454545453,179.8,468.8,104.9090909090909,0.7007252691031098,0.16917947824424134,901.4,41.713786689774395,57.0574758954123
1047.asc,202.36363636363637,224.44444444444446,545.5555555555554,79.2727272727273,0.6337330668369986,0.11574163017388833,903.4,63.47944549222212,100.33499444915074
1048.asc,186.22222222222223,175.55555555555554,440.22222222222223,78.66666666666667,0.3626234853493175,0.3471131983994324,1036.2222222222222,137.07887249299438,158.09807082946963
1049.asc,199.42857142857142,180.16666666666666,402.7692307692308,91.85714285714292,0.8276297770797143,0.17535991245752555,687.3846153846154,15.637914781012999,20.453198608856596
1050.asc,143.6,159.28571428571428,294.7142857142857,79.86666666666666,0.23663740119548543,0.022478535428973986,673.7142857142857,33.22526700189088,27.43383649100841
1051.asc,222.0,186.6666666666667,326.22222222222223,120.8,0.6521295203877892,-0.02394532320260622,964.6666666666666,14.14213562373095,16.278820596099706
1052.asc,254.0,159.0,498.5,113.74999999999994,0.7033061819890374,0.11833440776663932,1114.5714285714287,332.21802528841,350.10760250719113
1053.asc,237.50000000000009,197.33333333333334,421.3333333333333,68.66666666666681,0.40396438203881885,0.12241564986745306,792.3333333333334,14.302291968616624,16.203254443026392
1054.asc,186.33333333333334,143.45454545454547,248.1818181818181,70.5,0.2063138136298581,0.02042677489635592,814.3636363636364,21.19722420623952,16.769019053003667
1055.asc,177.71428571428572,114.7692307692308,225.23076923076934,46.428571428571395,0.1647345386209592,0.0011244742965157253,720.3076923076923,89.58999310138005,85.58231904624537
1056.asc,196.0,152.79999999999998,419.8,96.0,0.4871356522617314,0.1811900761466749,840.2,15.810123339177338,13.029880190461375
1057.asc,166.30769230769224,132.90909090909082,234.54545454545448,67.5384615384616,0.7395450054021644,0.022222866127238138,771.1666666666666,49.162711705338445,79.0281882966739
1058.asc,188.2,126.0,396.6666666666667,95.2,0.5575371871105357,0.2664542987879127,952.0,32.069369255481845,29.49576240750525
1059.asc,232.1818181818182,185.77777777777777,465.1111111111111,76.54545454545455,0.41024728475288225,-0.02458676131147509,876.2,11.948221624995076,12.736648783028533
1060.asc,268.2857142857143,158.33333333333334,472.0,78.57142857142857,1.0064736654058153,0.134075393992627,1342.5714285714287,47.264777410598995,62.433965115151864
1061.asc,167.55555555555554,139.85714285714286,216.37500000000003,82.11111111111116,0.6887235067229764,-0.0417033455886618,541.4117647058823,3.344157742012211,3.968626966596886
1062.asc,302.8888888888889,168.99999999999997,296.0,124.44444444444454,0.5460405441777105,-0.0952879784980794,1101.5,272.8053335255746,337.2959700746089
1063.asc,146.76923076923077,138.33333333333331,295.0,62.61538461538461,0.1933874260208901,0.06109549634922887,788.0,12.806248474865697,15.46844294920233
1064.asc,287.0,214.0,546.6666666666666,105.75,0.8944462861155313,0.02212985633066047,1091.7142857142858,147.1653242209632,256.0572852572903
1065.asc,185.69230769230768,159.2000000000001,330.50000000000006,100.46153846153847,0.5495631258394545,0.10567214463983467,718.8333333333334,6.65624184923862,4.670993664969138
1066.asc,168.4,150.0000000000001,407.3333333333333,66.4,0.684268469502672,0.4231218322209693,972.4444444444445,7.7618885318102135,7.0
1067.asc,207.27272727272728,179.6,482.9999999999999,117.0909090909091,0.8331056418967873,0.15502860300579013,856.8,8.158431221748454,7.118052168020874
1068.asc,207.66666666666666,95.09090909090905,357.27272727272725,70.16666666666667,0.44440521887854884,0.14286034005290074,780.0,6.980492298346351,6.260990336999411
1069.asc,185.19999999999996,151.8,332.6,68.4,0.6165124007738447,0.012055608132042595,921.4,22.52198925494815,28.299980369054833
1070.asc,153.14285714285714,146.30769230769232,364.4615384615384,84.42857142857149,1.0527040315932816,0.2528993297427059,702.6153846153846,10.239730026026916,14.560219778561036
1071.asc,198.85714285714275,142.76923076923077,340.7692307692307,92.99999999999984,0.583171070950924,0.07683075260964502,709.2307692307693,126.10749617574673,216.46785750622038
1072.asc,168.90909090909096,180.0,441.4,92.0,0.5942761846670856,0.17328226107933656,933.4,29.880428377116683,26.4154836748786
1073.asc,215.27272727272728,159.0,398.4000000000001,57.09090909090909,0.4534565016380556,0.0514834142366066,897.0,27.3970801363941,30.59411708155671
1074.asc,167.0,157.25000000000003,284.44444444444446,54.333333333333336,0.6626546158208545,0.01983186766085936,797.6363636363636,333.6779265664511,529.4461256823021
1075.asc,204.7692307692307,231.5,397.6666666666667,101.23076923076923,1.1802092526003647,0.27277531327648863,744.1666666666666,6.853628398317363,6.578200914591107
1076.asc,210.72727272727272,243.99999999999991,449.19999999999993,78.18181818181819,0.6249233741978408,0.22077395087352839,928.8,54.43675229107629,62.96736368063132
1077.asc,200.0,283.75,471.55555555555554,107.2,0.5056043869371623,0.1696508006136504,941.7777777777778,7.450246495217871,9.899494936611665
1078.asc,208.36363636363637,162.0,333.4,105.81818181818181,0.61021432052698,0.038575847860825976,886.2,22.546840133375674,35.97530016861877
1079.asc,176.5454545454546,142.4,343.0,69.63636363636368,0.7125483267039668,0.07773090632891057,843.2,41.42656152759966,40.949833807829904
1080.asc,210.9090909090909,175.2,409.20000000000005,54.72727272727273,0.24455089635409016,0.14804382971087707,878.6,2.009975124224178,2.309401076758503
1081.asc,253.55555555555551,173.74999999999997,472.5,66.66666666666661,0.2845412385549856,0.25703022218204696,1127.25,57.122127936553625,79.43371000849882
1082.asc,205.2,147.11111111111111,412.44444444444446,58.6,0.5140465378291251,0.20232554104881906,990.6666666666666,39.08964057138413,31.89043743820395
1083.asc,164.3333333333333,206.9090909090909,422.54545454545456,91.66666666666667,0.32529241288952243,0.1536089302872503,793.4545454545455,21.423706649680636,16.443843832875572
1084.asc,217.55555555555554,186.0,461.75,90.22222222222223,0.5721166313302595,0.3508328559978342,1095.5,26.263091973337794,37.75863193647627
1085.asc,178.46153846153845,114.66666666666659,357.8333333333333,77.84615384615384,0.6891416257602925,0.1485577247653857,723.0,16.68332500832293,10.80403964854224
1086.asc,172.00000000000009,117.45454545454545,369.27272727272725,87.00000000000007,0.4634054738180342,0.14684783772308643,838.7272727272727,63.84226429837684,93.78486018542652
1087.asc,176.57142857142864,174.76923076923077,396.9230769230769,75.57142857142864,0.6306584255832469,0.12191145617129331,708.0,5.378017936291857,5.0
1088.asc,183.8181818181818,178.0,438.8,88.36363636363636,0.4242878433685313,0.18504131525307024,809.0,12.529964086141668,14.251705550954634
1089.asc,240.4,184.25,490.7500000000001,66.0,0.3191383413178818,0.15658379126962574,1023.3333333333334,28.015868519267592,19.078784028338912
1090.asc,204.72727272727272,154.4000000000001,446.6,61.27272727272727,0.5159934923181756,0.18031179088070115,858.8,15.702229141112415,20.439612955674523
1091.asc,158.28571428571428,148.0,356.46153846153845,62.0,0.32199764492197575,0.10845682393794215,699.5384615384615,91.70572952876154,134.2100343988233
1092.asc,191.4545454545455,162.4,310.8,109.63636363636368,0.35836169734283824,-0.034970815578129213,915.6,8.522910301065005,12.47219128924647
1093.asc,139.11111111111111,128.8235294117647,329.1764705882353,83.66666666666661,0.3628266979365012,0.2990925838828563,540.7058823529412,13.476623359084789,13.629013170439011
1094.asc,212.22222222222223,216.25,521.7499999999999,91.77777777777777,0.25017841878872704,0.1878356857368852,1068.5,14.99166435056495,13.690455486526787
1095.asc,198.16666666666666,129.27272727272728,319.27272727272725,65.0,0.4508684862585984,0.1419768460937826,751.0909090909091,61.231979976976305,93.16437087213116
1096.asc,164.375,156.2666666666666,274.80000000000007,90.875,0.6609809016345876,0.0047446820151566095,624.0,2.9211869733608857,3.295017884191656
1097.asc,189.99999999999991,134.99999999999991,286.0,73.63636363636373,0.38833255953336693,0.04155609870670424,925.2,277.9844599973171,363.19324516479287
1098.asc,179.1764705882353,199.49999999999977,351.0,69.17647058823529,0.4474797761006913,-0.03735124357635304,558.3529411764706,87.89896685230391,120.87700360283588
1099.asc,172.66666666666666,133.0909090909091,397.09090909090907,82.66666666666667,0.4976211502850057,0.23990894638404614,839.4545454545455,79.39356927972949,79.465715877981
1100.asc,207.27272727272728,141.8,386.0,58.000000000000085,0.2542698476929257,0.09825328342101361,875.4,41.89558449287944,40.5791407827552
1101.asc,190.54545454545453,117.4,333.8,50.54545454545459,0.19307496570214447,0.08747968389087006,869.6,31.683434157300564,31.012542265634686
1102.asc,182.66666666666666,234.99999999999991,388.1818181818182,96.0,0.5535211963141705,0.23377443862012456,808.7272727272727,93.05823290146768,86.20904824900923
1103.asc,218.4,108.44444444444444,348.0,100.6,0.4345435216348796,0.0966248356367429,901.1111111111111,17.207520606760834,22.538855339169288
1104.asc,271.4,213.42857142857142,497.7142857142857,114.0,0.7420718423957984,0.1883735015700218,1001.1111111111111,25.924867703270902,29.790938219532464
1105.asc,217.55555555555554,171.5,434.5,101.77777777777777,0.1935183857703198,0.337053431561207,1017.25,109.75854180882689,98.84475562358234
1106.asc,180.72727272727263,168.60000000000008,443.6000000000001,86.18181818181819,0.7320254089395571,0.2683968736862631,886.0,69.8741726247975,58.11865258054232
1107.asc,179.55555555555554,157.5,467.75,90.66666666666667,0.6042258046189771,0.21487804133360386,1051.0,8.0,9.133924207511875
1108.asc,203.6,169.11111111111111,442.0000000000001,91.0,0.24435599483531328,0.11699413045130908,1012.0,26.43230346879868,41.50301193889427
1109.asc,206.54545454545453,190.8000000000001,445.0,93.0909090909091,0.3704497034277573,0.11463582457895001,901.0,55.492341813983664,61.2354291058516
1110.asc,205.63636363636363,212.8000000000001,501.0,74.54545454545455,0.6360899844669867,0.21695923391257801,866.6,11.697863052711808,10.85254706406647
1111.asc,192.59999999999994,136.66666666666666,418.44444444444446,78.8,0.28987908885210956,0.15504933042620864,964.2222222222222,70.2405039493719,94.90785004413492
1112.asc,174.15384615384608,142.83333333333334,376.5,82.92307692307692,0.5707571213319763,0.04631480962622404,729.6666666666666,11.799246680285238,11.473289137660727
1113.asc,233.55555555555554,140.6666666666667,227.77777777777783,62.888888888888886,0.34271709362272035,-0.027213611951522543,947.1111111111111,351.09493633629586,491.84092956971364
1114.asc,178.66666666666666,220.0,431.090909090909,105.5,0.37339928616492757,0.2005087946575288,781.8181818181819,7.60165271286068,8.532291603080617
1115.asc,265.8,160.22222222222223,418.44444444444446,116.4,0.37774091411116006,0.24055050143878728,950.2222222222222,9.908220804270202,12.767145334803704
1116.asc,191.4545454545455,177.0,418.2,65.27272727272731,0.9554611190682021,0.17335529360089905,884.4,20.645580640902303,33.04542328371661
1117.asc,188.46153846153842,126.5,385.6666666666667,72.92307692307689,0.3868040863238727,0.15177911969018837,730.0,7.438637868140466,7.745966692414834
1118.asc,170.4285714285715,150.46153846153845,374.0,73.42857142857143,0.6801560036483139,0.09898486644998292,667.8461538461538,27.00953151943603,13.4412301024373
1119.asc,197.090909090909,203.8,492.6,103.63636363636364,0.23874558560265643,0.14550865822311895,881.8,37.9204430353866,74.571367755251
1120.asc,177.2,184.57142857142858,400.57142857142856,94.93333333333334,0.4656719899330726,0.1083136730216591,661.1428571428571,14.534968390830747,6.397114734243628
1121.asc,214.88888888888889,211.5,424.5,94.44444444444444,0.5319183572765902,0.29730259459341934,1042.5,152.16027733938972,236.1246644102584
1122.asc,225.5555555555555,153.7500000000001,416.5000000000001,85.77777777777777,0.9341525963891214,0.2830107373618975,1020.5,2.179449471770337,3.295017884191656
1123.asc,161.06666666666666,145.1428571428572,233.85714285714292,63.2,0.4919536954729496,-0.0033517864917276662,616.2857142857143,3.3685217493004562,3.721042037676254
1124.asc,181.4,159.5,292.22222222222223,89.8,0.4403679389133212,0.004220117553179857,926.8888888888889,4.6294814791110355,7.416198487095663
1125.asc,238.9090909090909,122.6000000000001,194.00000000000009,80.0,0.7996382484119643,-0.05745840576954833,876.0,11.242775458044157,17.320508075688775
1126.asc,249.55555555555554,141.42857142857142,405.25,127.55555555555556,0.922264445998564,0.3775183058640237,1054.75,26.190408549696205,39.65566073805137
1127.asc,184.36363636363637,126.4,350.0,101.63636363636364,0.48121892068555633,0.09831233669949974,844.2,7.291090453423274,10.540925533894598
1128.asc,216.5,166.18181818181822,452.0,84.66666666666676,0.6779124945953536,0.26269229380922626,845.2727272727273,45.12022507417047,51.02940328869229
1129.asc,191.27272727272728,152.59999999999982,447.3999999999999,72.36363636363636,0.31217849748867466,0.10231915249704042,901.8,87.07445090266145,104.67303589962624
1130.asc,193.77777777777777,190.2500000000001,481.5,91.55555555555556,0.42986560215087377,0.15395680494541483,1033.75,30.69914493923243,33.31237436320452
1131.asc,181.83333333333334,144.8,401.0,64.83333333333333,0.8980242127729591,0.2842738007409746,812.5454545454545,10.790261909060211,9.757048734120374
1132.asc,218.22222222222223,178.5,454.5,102.66666666666667,0.39144205407478133,0.22735341594757247,1020.0,4.988876515698588,5.1478150704935
1133.asc,174.30769230769232,113.27272727272727,254.36363636363646,81.53846153846156,0.7478499246591521,-0.004330241207459572,716.0,17.320508075688775,13.36209020121682
1134.asc,181.39999999999992,139.33333333333323,417.33333333333326,64.20000000000009,0.5058418875908419,0.22178929667188974,958.2222222222222,10.086049527031305,10.246950765959598
1135.asc,223.8181818181818,152.0,458.6,120.36363636363645,0.46323991432027894,0.20597593327980568,895.2,53.74160399541495,60.47956496022254
1136.asc,148.71428571428564,150.76923076923072,405.99999999999994,73.57142857142857,0.6279080341544019,0.18242152922290303,680.3076923076923,10.223537062053015,9.055385138137417
1137.asc,197.79999999999995,133.99999999999994,209.55555555555551,79.0,0.8002027632017391,-0.03966083290131387,918.8888888888889,21.931430740400582,14.508618128546908
1138.asc,249.11111111111111,137.5,310.0,73.33333333333333,0.1448645586000541,0.02388727998193932,1044.75,95.26246637579777,157.2859089138539
1139.asc,229.8,198.0,443.3333333333333,84.2,0.618152918905945,0.18665649445206806,929.7777777777778,274.6188379788239,502.9592428815679
1140.asc,200.66666666666666,221.0,341.00000000000006,119.0,0.9695363221953234,-0.047704664486113324,830.3636363636364,8.12708968677346,12.09958676980334
1141.asc,184.0,120.6,414.6,101.0909090909091,1.2008192081984006,0.0737274682796508,898.6,29.21711826994579,32.12475680841802
1142.asc,198.0,160.4,418.0,106.9090909090909,0.8556698622445132,0.051073389161041115,851.4,2.0099751242241783,2.748737083745107
1143.asc,210.66666666666666,202.0,496.0,58.166666666666664,0.6394975739198263,0.0228683832072086,788.0,27.16615541441225,33.817693056096594
1144.asc,353.0,162.0,333.7142857142857,123.75,0.06803989496598514,0.2740103422130417,1147.4285714285713,476.71940148802634,773.574818618083
1145.asc,212.82352941176478,97.5384615384615,296.15384615384613,111.29411764705883,0.6370484277124343,0.0019135142188716852,572.625,57.03822731291708,95.50985987495392
1146.asc,158.22222222222229,160.5714285714287,245.0,76.11111111111106,0.16651162281891654,0.019487992757527436,546.5882352941177,147.19617115525853,72.58615570478987
1147.asc,218.54545454545453,158.0,405.2,114.36363636363636,0.6195940226485773,0.3565554846374239,857.0,43.97499289368902,23.729962307410247
1148.asc,206.54545454545453,176.6,394.7999999999999,67.0909090909091,0.6610073863984792,0.04380433964207902,874.0,10.353743284435827,9.521904571390467
1149.asc,220.30769230769224,151.33333333333343,288.8333333333333,72.76923076923077,1.2680349906975061,-0.02167181778681216,761.1666666666666,23.96467307424734,14.820133725319877
1150.asc,155.69230769230768,191.14285714285714,368.6666666666667,95.53846153846153,0.4039708191825976,0.24038504801223834,722.0,4.163331998932265,2.891995221924885
1151.asc,142.0952380952381,118.00000000000004,199.80000000000004,43.14285714285719,0.1916098664863157,0.020314749943439396,461.9,119.1846886139323,172.64810575576158
1152.asc,220.6,206.28571428571428,417.55555555555554,100.0,0.8579072263443102,0.3804002597745494,945.6,170.6383309810548,279.11447273276406
1153.asc,226.0,180.0,314.0,94.54545454545455,0.3040672376891717,-0.03136306367363017,798.0,409.8150358837065,597.4171072207424
1154.asc,217.99999999999997,215.75,469.25,116.66666666666667,0.23838889363385463,0.13934550386158104,1071.75,23.525252389719434,31.568519581561446
1155.asc,390.75,177.14285714285714,526.8571428571429,83.0,0.7985022076714793,0.3121456970498694,1235.7142857142858,511.2532820113206,626.9885698054364
1156.asc,198.36363636363637,155.6,388.19999999999993,97.27272727272727,0.5056799792808673,0.16629870391726775,828.8,22.021807373601288,14.2828568570857
1157.asc,201.8,172.22222222222223,462.44444444444434,98.0,0.23438456045319533,0.18788069558218554,993.7777777777778,50.46842308211206,54.94997725204261
1158.asc,183.00000000000003,175.39999999999995,412.0,67.83333333333333,0.6652392855348715,0.17213977664954458,817.4545454545455,106.82557034408401,171.42695237330682
1159.asc,194.0,160.0,351.45454545454544,79.0,0.5058998772696752,0.08983419405721381,829.0909090909091,48.70216449446863,58.896519421779075
1160.asc,112.74999999999996,110.5,203.5,33.87499999999996,0.23748451372265117,-0.012805214097927125,364.3076923076923,4.285657931441268,4.4
1161.asc,192.36363636363637,148.4,424.0000000000001,100.54545454545455,0.9246654235762958,0.0941330420339916,841.2,4.749736834815167,5.57773351022717
1162.asc,203.66666666666666,145.2,362.2,68.83333333333333,0.34863260723045103,0.0681073639868242,840.1818181818181,104.04353824836826,113.46365056704283
1163.asc,196.4,113.55555555555556,349.7777777777779,109.2,0.5361535585950006,0.11226554038420959,991.1111111111111,42.16487333326019,70.27446193319447
1164.asc,182.2,178.22222222222223,310.6666666666667,83.2,0.3842211660597996,-0.021686034837303247,964.6666666666666,30.73904502239601,33.15116890850155
1165.asc,158.66666666666666,130.72727272727272,252.36363636363637,66.26666666666667,0.2082418033782121,-0.004119716548382113,625.1428571428571,74.80150604180673,110.28494562164516
1166.asc,197.5,121.0909090909091,252.0,69.66666666666667,0.28401307376143153,-0.014086919578562096,798.3636363636364,177.22470211943457,182.60449063481434
1167.asc,192.11764705882348,121.12500000000003,206.75,76.47058823529419,0.18051154491256152,-0.023377963931726302,586.375,38.543603554935025,43.2357876455759
1168.asc,190.0,265.0,426.25,114.22222222222223,1.0458648371460124,0.28705221291789107,1066.0,17.578395831246947,26.054887120406853
1169.asc,183.63636363636354,158.4,439.2,108.1818181818181,0.1631885294899136,0.18618997622753689,878.0,71.74398929527128,70.93345864650585
1170.asc,215.0,133.69230769230768,244.6153846153846,54.714285714285715,0.7663882239530511,0.009985138286414057,694.1538461538462,53.84571428392015,57.26837405293315
1171.asc,212.92307692307693,170.66666666666666,392.2222222222221,76.3076923076923,0.24170055373671287,0.23463525912608305,724.3076923076923,167.3096551608997,179.63574254585305
1172.asc,217.63636363636363,143.2,310.0,97.27272727272727,0.766732678423779,0.02075518769630029,852.2,9.526804291051644,10.154364141151877
1173.asc,276.0,247.14285714285714,542.8571428571429,136.0,1.3443054785876742,0.24280082613271264,1175.75,36.584662086727,43.86342439892262
1174.asc,247.0666666666666,221.85714285714286,433.28571428571433,103.0666666666666,0.7173211438672024,0.043574964203266384,646.0,6.8452277432633934,6.02558647002035
1175.asc,209.45454545454547,122.8,391.0,90.0,0.7924643010860405,0.2115703985687562,879.4,2.973213749463701,3.197221015541813
1176.asc,236.44444444444446,220.25,534.25,96.44444444444444,0.8554224251923322,0.2728663060632616,1067.75,412.3874846549056,759.8360725464784
1177.asc,177.16666666666666,153.8181818181818,428.0,97.66666666666659,0.4749558461078358,0.24481921850344204,844.7272727272727,24.185235575340396,20.957099035887577
1178.asc,176.16666666666666,149.2727272727272,446.36363636363626,106.16666666666667,0.41492374956404143,0.15457503143259452,831.6363636363636,47.80124138226904,48.73191972413974
1179.asc,200.50000000000003,161.6,362.72727272727275,87.33333333333337,0.711495171244275,0.21331701286637603,798.1818181818181,45.29061348029509,48.26593001279474
1180.asc,221.83333333333337,152.1818181818182,216.18181818181827,69.83333333333333,0.3315634113919527,-0.009270554035099148,834.9090909090909,202.55524702947972,149.38139107666657
1181.asc,187.00000000000003,165.20000000000005,433.8,83.20000000000002,0.41144632857927294,0.0624602732428844,903.4,16.924538398432023,17.62573875520305
1182.asc,219.09090909090912,168.4,390.6,117.4545454545455,0.5529788407469786,0.2818460016752222,840.2,9.008884503644166,11.585431464655178
1183.asc,200.18181818181822,135.0,321.2,50.3636363636364,0.34040720673755265,0.038149831587186385,883.0,34.330744238947105,25.342103744997615
1184.asc,174.15384615384613,202.33333333333326,412.3333333333333,80.0,0.19603933357120018,0.17890549891881952,768.5,78.65589615534235,58.11900017909962
1185.asc,195.09090909090912,148.0,273.1111111111111,72.90909090909095,0.3879940860748496,0.00766812388492523,894.0,13.535139452550904,13.383239933256487
1186.asc,,,,,,,,,
1187.asc,223.5,130.57142857142858,403.7142857142857,120.75,0.797346391655191,0.061353845555836624,1189.142857142857,109.481151112781,206.06309713289278
1188.asc,160.5,136.54545454545453,398.1818181818182,83.83333333333333,0.26200573792202586,0.13801021254285986,766.5454545454545,77.98876799824637,113.3666617661471
1189.asc,166.53333333333325,251.5,370.3333333333334,66.66666666666664,0.9204449053276282,-0.0068777982492973155,658.7142857142857,12.730326959265263,8.629109946080098
1190.asc,172.75000000000003,221.0,285.2,79.87500000000003,0.5298832766243534,-0.037871965101603317,612.8,166.42403672546823,209.92515673108696
1191.asc,182.6666666666667,163.16666666666666,367.14285714285717,106.53333333333339,0.6716432769366846,0.22088543465379815,666.0,12.694205652298892,10.798860338729481
1192.asc,198.76923076923077,124.16666666666667,245.83333333333334,97.53846153846153,1.2250893103568368,-0.037769196602466325,735.5,13.931379448329348,5.78399044384977
1193.asc,240.8,152.88888888888889,477.3333333333333,108.6,0.2478340254326025,0.21557474790951375,986.0,233.80333616097099,286.41578168809065
1194.asc,221.33333333333334,240.22222222222223,543.3333333333334,125.11111111111111,0.512000100706506,0.06874416273329728,1045.111111111111,47.7968953999791,51.10772935672255
1195.asc,184.0,156.9090909090909,379.0,106.0,0.5304697389941168,0.253126743539338,754.3333333333334,6.046119049072352,5.291502622129181
1196.asc,223.6,148.44444444444446,414.22222222222223,66.8,0.3641106588164132,0.13713502030404634,967.5555555555555,45.3311546317421,40.89621009335706
1197.asc,156.66666666666666,176.7058823529412,313.17647058823525,84.66666666666667,0.5079839619609974,0.023495899163954184,533.6470588235294,29.000894867472397,31.34485603731496
1198.asc,215.77777777777774,159.66666666666666,430.0,90.44444444444444,0.5694639365188405,0.30467938757793045,1133.5,72.52413391416681,69.95508763281113
1199.asc,186.6,159.55555555555554,444.44444444444446,65.8,0.4154855622269354,0.21489434775185606,936.8888888888889,9.711899281516514,8.031189202104505
1200.asc,187.81818181818178,170.2,455.8,87.45454545454541,0.43297334340619004,0.381678042975878,876.6,5.730619512757761,8.432740427115679
1201.asc,140.22222222222229,130.70588235294122,318.5882352941177,74.00000000000006,0.2894613121369387,0.0648900369776904,538.5882352941177,2.7237263300682883,1.8027756377319946
1202.asc,194.46153846153845,206.0000000000001,303.7777777777779,73.38461538461539,0.7680048508911115,-0.047355203528613464,732.8333333333334,13.101102582946554,14.012980994907414
1203.asc,293.75,204.0,390.0,58.750000000000114,0.678507416707649,-0.008598422407534072,1277.142857142857,25.897758156856366,31.026870075253587
1204.asc,158.79999999999993,128.85714285714295,333.00000000000006,75.7333333333332,0.8136171949978415,0.1809967096834097,615.1428571428571,3.681171064778608,4.1509961733021665
1205.asc,187.5,213.99999999999991,413.45454545454544,100.16666666666667,0.5137228921679774,0.10131879568386676,813.4545454545455,22.288862430141027,22.98695282111137
1206.asc,177.0,195.05882352941177,350.77777777777777,85.49999999999994,0.5267931579532662,0.13043373457536558,469.2631578947368,2.4460947449731054,2.3570226039551585
1207.asc,220.0,168.22222222222223,359.7777777777777,76.6,0.796304745801409,0.01378485749359445,972.8888888888889,12.440475557580806,15.280706789936126
1208.asc,209.0909090909091,176.0,441.4,96.36363636363636,0.5213848289346648,0.24363071806518913,871.6363636363636,50.11128112379256,46.93825731745907
1209.asc,247.14285714285714,164.0,442.85714285714283,73.42857142857143,0.45635214649792,0.12866761612632596,1338.2857142857142,412.5217619491518,749.6812656055905
1210.asc,245.55555555555554,162.4999999999999,392.2499999999999,119.11111111111106,0.8916313179971915,0.2782599301416984,1041.0,92.27675763701279,93.69860495988492
1211.asc,205.5,213.71428571428572,305.4285714285715,80.0,0.6648420576698363,-0.03370461377850939,1128.25,43.81138550650961,40.855144806289175
1212.asc,183.85714285714286,168.0,274.5454545454546,79.71428571428571,0.8813725572007589,-0.09262156064175371,681.0769230769231,35.166552155884496,42.76680956068619
1213.asc,206.0,209.5,469.0,102.44444444444444,0.8299405885089531,0.26111565335442855,1061.25,19.285681216902866,27.453857392255202
1214.asc,154.8,155.71428571428572,378.2857142857143,87.6,0.2608700486574666,0.06396536811001897,667.4285714285714,25.3256343474757,31.5887029465623
1215.asc,206.28571428571436,146.76923076923077,297.84615384615387,60.71428571428578,0.11894671783108365,0.07820607873529353,701.0769230769231,150.1212133518273,256.9714640448105
1216.asc,230.4000000000001,142.66666666666666,262.66666666666674,62.00000000000009,0.40024638372457655,-0.004706910346725065,971.3333333333334,296.42012227392536,399.7943221207625
1217.asc,204.1666666666666,167.8181818181818,441.09090909090907,94.66666666666663,0.34315767589006724,0.1416670486666609,796.3636363636364,15.674372408910767,11.541230437002806
1218.asc,194.83333333333326,224.1999999999999,321.6,80.16666666666664,0.8539315843493053,-0.04191332716788743,850.9090909090909,13.654533349468064,13.856406460551018
1219.asc,260.5,201.25,512.25,79.0,0.3946211223769982,0.13263298391478395,1171.5,328.2114409949781,517.3216738990493
1220.asc,215.3333333333334,161.0,237.0,89.06666666666666,0.2393246263859083,-0.023291949367060378,615.1428571428571,107.68927333693331,95.70788891204319
1221.asc,198.66666666666666,123.86666666666666,315.73333333333335,88.00000000000003,1.0681922463420959,0.025704543811584348,526.4705882352941,2.003457219520753,2.449489742783178
1222.asc,216.42857142857136,137.84615384615387,243.53846153846155,98.14285714285714,0.46893461258614505,-0.021458090005915167,686.9230769230769,9.910845174403944,9.309493362512628
1223.asc,180.6000000000001,163.2,430.6,50.400000000000205,0.9467878271542179,0.34872228376092707,863.2,119.06703993969113,201.69614109678284
1224.asc,224.44444444444446,188.44444444444446,473.1111111111111,86.66666666666667,0.3574268338732523,0.18953476092393423,1049.111111111111,110.26880735975705,94.42722065167438
1225.asc,240.8000000000001,191.7777777777777,508.8888888888888,97.20000000000019,0.6833782412622035,0.2523296100571507,901.3333333333334,28.674417556808756,33.80088756231114
1226.asc,249.33333333333323,151.0,404.5,110.22222222222223,0.6882099656600984,-0.018736560585586114,1052.5,9.367496997597597,9.768754855587861
1227.asc,234.25,174.85714285714286,469.14285714285717,89.25,0.25709564840051935,0.21691961186151792,1115.7142857142858,81.65732280296078,104.35196851681013
1228.asc,180.28571428571428,158.30769230769232,387.84615384615387,69.14285714285715,0.5692187545082298,0.10472950819525868,695.0769230769231,21.847237242908523,15.37313674346694
1229.asc,171.6666666666666,114.3636363636364,210.54545454545462,57.33333333333326,0.4524998841899089,-0.018941066734566615,838.9090909090909,12.830748192274436,12.09958676980334
1230.asc,194.4,141.0,431.55555555555554,51.4,0.5246897778207182,0.20404603398845222,973.1111111111111,18.308737710263095,22.483327155917117
1231.asc,186.8,164.0,423.55555555555554,98.20000000000005,0.4339079434295606,0.23952091588507532,960.4444444444445,59.447663464244116,71.63797875428926
1232.asc,200.44444444444446,134.0000000000001,390.75,48.22222222222222,0.2904540829094518,0.2367028257442437,977.7777777777778,71.55072447459568,68.19824044651006
1233.asc,237.77777777777777,177.99999999999994,463.25,68.0,0.5154205883615111,0.20649642379055802,1119.25,36.63246510951727,53.63367811899002
1234.asc,187.27272727272728,160.8,420.0,75.0909090909091,0.21031211390375776,0.1187636019128297,862.4,14.664242223858686,17.320508075688775
1235.asc,179.83333333333334,141.8181818181818,374.3636363636364,84.83333333333333,0.9662822286142142,0.11648836719200563,824.3636363636364,9.098178911415857,11.730302638892145
1236.asc,218.66666666666666,211.111111111111,473.55555555555554,89.11111111111111,0.3016580012159207,0.2190579675970551,1033.5555555555557,89.99643339983734,99.04544411531506
1237.asc,206.66666666666657,202.00000000000014,460.0,117.9999999999999,0.7060090572990992,0.30238883329347743,1007.75,11.110243021644486,8.106434833777776
1238.asc,201.0909090909091,153.80000000000004,444.8,91.81818181818181,0.3995463050876323,0.23583434346870824,885.8,6.838128398911504,6.429100507328637
1239.asc,212.54545454545453,186.22222222222211,387.77777777777766,95.63636363636364,0.3695970776708343,0.19629794487107963,879.4,28.775684179529076,28.150389774289884
1240.asc,150.33333333333334,210.33333333333334,374.8333333333333,75.5,0.4497177232711454,0.21858127580974823,757.1666666666666,100.49032568140854,84.66618945224614
1241.asc,195.0,177.2727272727272,419.63636363636357,94.00000000000007,0.4204841988628005,0.20311419909832287,839.4545454545455,52.10542396537591,55.85337948593621
1242.asc,271.25,186.57142857142858,482.57142857142856,119.0,0.5878815166673191,0.15649729047667862,1173.7142857142858,62.67766584612391,62.68971207462992
1243.asc,206.99999999999991,144.44444444444446,317.77777777777777,78.2,0.6424714303620428,0.050844343745742294,957.7777777777778,22.73410447263845,34.77067730142742
1244.asc,180.54545454545453,167.8,365.2,104.36363636363636,0.6311682459290754,0.17048516726414273,838.0,23.664319132398465,30.51411331025549
1245.asc,230.0,162.75,377.1111111111111,122.0,0.6241323830743426,0.23692111546828168,941.3333333333334,11.85092588975412,18.614510468986285
1246.asc,218.36363636363637,144.0,402.4,63.63636363636363,0.6363251914804084,0.18808557936407716,931.4,113.62763748314052,124.54361128179603
1247.asc,146.0,153.07692307692307,337.8461538461539,65.57142857142857,0.4298094597372,0.19127133607366062,713.3846153846154,46.959128647299345,32.274861218395145
1248.asc,179.63636363636363,168.60000000000005,352.4,78.18181818181819,0.3020565318016223,0.1357381335381274,841.8,27.017771928861933,21.72556098240043
1249.asc,194.0,154.1999999999999,410.2,56.80000000000005,0.22861474107091342,0.14917877685377337,945.8,133.44496993142903,172.89688641885178
1250.asc,167.57142857142858,135.23076923076923,360.46153846153845,78.28571428571429,0.49575426217378016,0.09515036857401338,668.0,15.531605494306415,21.870832936432333
1251.asc,147.1666666666667,153.45454545454552,434.00000000000006,78.33333333333326,0.2869316349192907,0.17506379647819645,851.0909090909091,35.52580251912825,28.98965332666122
1252.asc,193.0,115.77777777777777,385.7777777777778,75.8,0.7235278245553334,0.2118912878294465,920.2222222222222,41.72336882578922,38.1051177665153
1253.asc,179.4,170.6,418.0,97.6,0.366116082775738,0.27991315333762495,900.0,89.58571314668428,89.32835807041097
1254.asc,179.83333333333334,120.54545454545455,343.45454545454544,94.5,0.48107756906521754,0.2092871103374381,784.9090909090909,19.658236975673468,23.25510696599781
1255.asc,202.54545454545453,128.72727272727272,395.09090909090907,87.63636363636364,0.4716267985876994,0.18790935219740057,820.7272727272727,12.307358546014871,13.069047402163633
1256.asc,180.0,146.0,391.6,96.0,0.4747759085004732,0.1030438238922985,864.2,10.860939185908371,12.256517540566824
1257.asc,184.8,145.14285714285714,411.55555555555554,75.2,0.37324365989665,0.18213328991494848,979.1111111111111,99.75575109507828,138.27328013755948
1258.asc,152.40000000000006,155.71428571428572,382.42857142857144,73.60000000000007,0.13947691084167418,0.1442923749550533,661.5714285714286,9.97650300681045,14.966629547095765
1259.asc,219.0,163.99999999999997,386.6666666666667,74.8,0.12357306717565994,0.11757478210489476,927.7777777777778,24.502960264596503,34.655446902326915
1260.asc,183.4,152.66666666666666,401.3333333333333,78.8,0.125501910738574,0.14852867110167942,959.3333333333334,79.10049866397107,92.02445327194289
1261.asc,169.83333333333337,146.0,346.3636363636364,85.50000000000004,0.15039063676321593,0.08944221405792253,816.7272727272727,38.55831689341344,50.10389206438957
1262.asc,206.33333333333337,134.8,317.6,70.50000000000004,0.13471657724192934,0.010020007392644303,805.0909090909091,256.4333883187369,451.9703530100177
1263.asc,265.5000000000001,201.71428571428572,460.2857142857143,67.75000000000011,0.5118430074991812,0.2909616940488911,1112.75,17.43380337161114,29.847230070094326
1264.asc,282.4999999999999,167.42857142857142,475.42857142857144,91.24999999999977,0.3634816926624354,0.1921128195892761,1255.4285714285713,17.360522892529502,23.395156193822118
1265.asc,170.625,177.0,419.14285714285717,100.25,0.36176447293507263,0.07054420131454782,585.4666666666667,7.4284737478315295,8.071112509614592
1266.asc,194.88888888888889,130.25,424.75,115.77777777777777,0.4970602485217003,0.342356629089686,1041.5,33.087006513131406,28.705400188814647
1267.asc,154.14285714285714,133.69230769230776,360.46153846153845,81.14285714285714,0.328876757715193,0.15854680007793895,678.3076923076923,19.843172107552284,28.413611761501446
1268.asc,170.92307692307685,205.07692307692307,379.84615384615387,82.92307692307685,0.7847275578186457,0.09577897815588012,725.6923076923077,5.914579318997258,4.08248290463863
1269.asc,174.1538461538462,144.36363636363637,342.00000000000006,80.92307692307692,0.3457978901674102,0.15717123143874168,692.9230769230769,81.99668055050627,51.159880114532456
1270.asc,188.00000000000003,190.6153846153846,419.84615384615387,84.71428571428575,0.24605238354987016,0.13249392718823672,707.2307692307693,20.895909964738024,16.64331697709324
1271.asc,209.49999999999991,205.00000000000006,380.0,104.49999999999993,1.1114289456981814,0.09719181765118144,830.5454545454545,46.79619960553059,51.61782637810314
1272.asc,193.2,87.55555555555556,347.3333333333333,97.99999999999991,0.23786362319567086,0.12769031128613634,936.0,54.05347146833196,82.50757540977676
1273.asc,209.77777777777777,181.75,440.5,55.111111111111114,0.35675849124101344,0.13862524744710725,1019.1111111111111,48.3515929748946,23.043437243605826
1274.asc,184.1818181818182,186.2,303.8,77.63636363636364,0.4832475189689119,-0.00038517181649950545,852.0,10.276186062932103,7.630348761506398
1275.asc,184.00000000000003,128.00000000000009,388.2,89.09090909090914,0.4902256947516857,0.17320641738662035,926.4,15.33101431738944,19.776529298921766
1276.asc,216.0,175.25,420.5,99.55555555555556,0.23908744531705997,0.22411332916248075,1142.75,79.56718858926712,145.8786188191108
1277.asc,212.99999999999991,129.55555555555554,372.6666666666667,84.2,0.307124211087728,0.07054012115344616,992.2222222222222,57.45293296406059,66.2268827591938
1278.asc,203.63636363636363,119.63636363636364,374.90909090909093,74.18181818181824,0.7671694444722413,0.21205243423275763,851.2727272727273,48.191079727365064,52.96791481642448
1279.asc,194.66666666666666,209.33333333333334,444.0,121.77777777777777,0.2785342500349127,0.30866715583742255,1042.888888888889,105.83471856777902,86.73234690702195
1280.asc,197.99999999999994,146.5,200.75,92.88888888888889,0.26440518512902855,0.003239042643098544,1012.0,107.77290939749192,105.01700542565203
1281.asc,258.75,154.85714285714272,441.142857142857,65.75,0.18377434323602176,0.16467503950302081,1159.4285714285713,52.706348608810586,82.54291812949995
1282.asc,245.6,163.33333333333334,413.1111111111111,84.8,0.34274187417998897,0.05823240764439082,1010.6666666666666,29.51459149490487,18.841443681416774
1283.asc,182.36363636363637,116.2,381.2,73.63636363636364,0.43404820874885747,0.27214991932647953,876.6,10.992724866929036,9.404490653110589
1284.asc,163.33333333333334,132.72727272727278,384.1818181818182,103.16666666666667,0.3731731713040905,0.2051660360389197,780.1818181818181,10.836119582364612,17.216271373325874
1285.asc,182.46153846153845,146.18181818181822,299.1666666666667,82.46153846153847,0.47487674787833306,0.041586980041478885,749.3333333333334,14.772346537440225,14.422205101855956
1286.asc,128.13333333333333,124.28571428571425,179.14285714285714,46.133333333333304,0.1151280382175696,-0.02796927112729674,423.6363636363636,9.05812269605902,9.846440014156434
1287.asc,204.0,146.22222222222223,253.55555555555554,58.6,0.1655040037714965,-0.010051617490122362,935.1111111111111,25.106194208886397,34.806608567914225
1288.asc,159.38461538461544,124.33333333333333,328.5,83.38461538461546,0.19961806881995156,0.09233194247490821,736.6666666666666,17.65093639316497,17.622299922128626
1289.asc,186.72727272727272,159.8,296.4,83.27272727272727,0.40642048881658716,0.055929742042418934,846.2,36.93724407694759,39.48558105322893
1290.asc,170.92307692307693,145.83333333333334,373.8333333333334,68.15384615384616,1.1274307127515388,0.12878917355299677,717.0,21.77919496522618,13.551249523064786
1291.asc,248.75,199.25,542.0,101.00000000000011,0.7535888540098123,0.36920723930029564,1141.5,280.33150019218317,359.799150320604
1292.asc,168.42857142857142,140.46153846153842,294.15384615384613,91.71428571428574,0.39305212498577474,0.030222084873663242,680.1538461538462,10.683172633389058,5.715476066494082
1293.asc,201.45454545454547,157.2000000000001,377.80000000000007,91.09090909090918,0.3039191099192731,0.16132492363047976,900.0,79.27168473042566,73.30908690075346
1294.asc,179.0909090909091,173.11111111111111,361.0,80.54545454545455,0.6445682943438524,0.23679757192194237,862.0,24.94794580722028,28.627880738111852
1295.asc,164.4,168.0,371.77777777777777,100.2,0.5678006285021632,0.10430029924670915,887.6,58.956254969256655,72.97792664756774
1296.asc,206.22222222222223,156.5,235.0,112.0,0.5022177671573858,-0.00913188332765955,1114.0,11.532562594670797,15.620499351813308
1297.asc,173.99999999999991,144.83333333333334,393.0,77.16666666666659,0.33658967300761705,0.19331914654356536,777.5,17.890872905851555,22.287379225186456
1298.asc,197.45454545454547,189.45454545454538,466.72727272727275,91.0909090909091,0.16191455168450405,0.1863951928829575,828.1818181818181,83.96732934120399,78.94808420728144
1299.asc,261.5,138.2500000000001,452.5000000000001,75.5,0.337469850503229,0.23763583521971401,1096.5,81.71138231605191,137.41906709041507
1300.asc,152.5,166.72727272727272,394.9090909090908,61.666666666666664,0.3971210490660988,0.3406281815407933,733.1666666666666,38.26624564228317,34.13875430437592
1301.asc,210.44444444444446,202.25,489.7499999999999,98.22222222222223,0.19183858588427724,0.12737483078162443,1054.25,59.644257896297106,57.39586844264763
1302.asc,180.0,139.63636363636363,405.27272727272725,64.83333333333333,0.3618090358639152,0.1965834513963082,813.6363636363636,52.180234375711,60.06662967072483
1303.asc,166.30769230769232,160.16666666666666,383.6666666666667,87.53846153846153,0.4896919333916637,0.19049536030654066,793.0,31.46956201368766,38.76737147278741
1304.asc,189.42857142857142,183.28571428571428,305.2857142857143,103.0,0.6154678982775097,-0.022651850552253956,674.5714285714286,5.150787536377128,4.540416788730371
1305.asc,176.6,134.66666666666663,347.33333333333326,77.2,0.22089365777554013,0.09039289412407428,928.2,95.8434139625671,79.42012059645563
1306.asc,176.66666666666666,145.63636363636363,391.09090909090907,71.83333333333336,0.3438537166568394,0.16720811108905423,783.2727272727273,17.357685796163818,15.633297796690243
1307.asc,206.4,216.75,319.75,86.2,1.4426760602120234,-0.0975203424373152,984.2222222222222,15.647348215363508,10.908712114635714
1308.asc,300.8888888888889,277.0000000000001,473.2500000000001,137.111111111111,0.4066446523416798,0.11271308901638936,1045.0,241.6402284388922,284.88995369139593
1309.asc,193.66666666666666,227.8181818181818,382.0,95.83333333333331,1.1241679926664763,0.17538621907826643,836.9090909090909,7.102554539863495,10.059821071967434
1310.asc,164.54545454545453,130.59999999999997,399.19999999999993,80.9090909090909,0.5314555714091477,0.19186718857236756,852.2,20.008997975910738,16.096928623532847
1311.asc,168.66666666666666,135.14285714285714,245.14285714285714,78.26666666666667,0.09764499932142966,0.02813518336406527,676.4285714285714,4.354214472608049,7.421382827810669
1312.asc,171.57142857142858,162.30769230769232,247.3846153846154,49.42857142857143,0.4517049971642639,0.0077534116763003135,693.5384615384615,90.60872379855248,162.87827765952503
1313.asc,212.2,122.99999999999996,416.99999999999983,97.0,0.6140501927237358,0.13000964726184192,921.6,4.176122603564219,3.9440531887330774
1314.asc,198.14285714285714,170.0,327.38461538461536,58.142857142857174,1.2722642883098356,0.06204017276925536,700.1538461538462,6.76923076923077,7.615773105863909
1315.asc,192.93333333333334,155.5384615384616,374.3076923076924,74.6666666666666,0.43151713670327907,0.11442867747489913,623.5714285714286,8.077431396129814,8.190050248742255
1316.asc,177.64705882352942,196.28571428571428,392.25,68.23529411764704,0.17150599617132417,0.10836191685648917,580.375,6.527585694573454,4.618802153517006
1317.asc,224.16666666666666,258.6,449.8181818181818,109.0,0.8139822653786429,0.15593553741441465,779.2727272727273,12.008261618878814,6.928203230275509
1318.asc,210.9090909090909,150.28571428571428,293.5,64.72727272727273,0.8449701368728822,-0.025742336453026652,816.9090909090909,19.228078642039687,27.885480092693403
1319.asc,204.5,223.7777777777777,415.27272727272725,91.33333333333333,0.6964532443137026,0.1349899131152975,830.3636363636364,6.595766235351656,8.438009243891594
1320.asc,187.81818181818187,217.0,450.19999999999993,108.36363636363636,0.796669519314701,0.11071753888146785,896.0,11.933147112141038,15.972198067614586
1321.asc,271.1111111111111,129.4999999999999,417.2499999999999,72.22222222222233,0.13299979791191513,0.10441245250618306,1056.4444444444443,146.56595869066453,139.2892673539494
1322.asc,161.00000000000009,117.33333333333341,318.50000000000006,56.333333333333485,0.2956450771693965,0.09678452838713529,787.6666666666666,7.652160188832664,5.009082659620331
1323.asc,179.45454545454547,149.2,413.6,110.36363636363636,0.7723523911413731,0.023354585608547772,867.8,9.734474818910366,12.927146286443545
1324.asc,249.0,187.71428571428584,425.42857142857156,92.5,0.8468026460927854,0.06639568524319549,1126.857142857143,28.301582850376665,40.849316599750686
1325.asc,172.92307692307693,201.16666666666666,427.0,112.61538461538461,1.047453233633923,0.09693111292089023,753.3333333333334,40.48319267163706,42.404973979261186
1326.asc,190.49999999999997,130.36363636363637,424.1818181818182,90.83333333333333,0.15236033090368611,0.05593540905255478,800.5454545454545,272.10838871047616,428.3694666990167
1327.asc,178.0,136.22222222222223,441.3333333333333,83.6,0.45736256778808465,0.21566206707510527,931.5555555555555,48.12740293824556,49.79959839195493
1328.asc,194.4,149.77777777777777,406.44444444444446,78.2,0.9976236212868497,0.14949940172439363,957.7777777777778,10.47513222168238,10.124228365658293
1329.asc,232.0,165.63636363636363,292.1818181818182,68.36363636363636,0.8325058396647922,0.015493215871733745,812.3636363636364,8.936876892686914,8.221921916437786
1330.asc,183.33333333333334,168.36363636363637,399.27272727272725,99.5,0.39605114496261223,0.12762077770600957,784.1818181818181,40.30298473453792,29.631064780058107
1331.asc,202.36363636363637,209.77777777777777,467.0,102.54545454545455,0.5575516905954522,0.3052339739630811,888.8,22.92945703674642,24.064727530373393
1332.asc,189.75,215.5,517.4285714285714,110.75000000000011,0.8072746477633438,0.3309359210918386,1179.142857142857,71.4731289595279,131.16910205278273
1333.asc,200.0,198.66666666666657,451.55555555555554,117.00000000000009,0.5996554014465321,0.07498701649915114,944.2222222222222,171.1203460711384,204.26698215815497
1334.asc,229.74999999999991,200.00000000000014,468.85714285714283,100.50000000000003,0.3558092757890071,0.31046392924208727,1150.2857142857142,104.81782057553039,135.43017881304496
1335.asc,192.0,171.6,462.4,77.45454545454545,0.6817439178085407,0.148923803575996,917.8,25.759658382827983,40.26578365477733
1336.asc,206.30769230769232,146.83333333333334,305.00000000000006,75.23076923076925,0.18677292882452967,0.04242835037138073,750.8333333333334,87.56505518121307,66.76417112085302
1337.asc,194.4,136.0,433.1111111111111,63.0,0.4168022657134783,0.2669294522280519,982.6666666666666,163.6038576018983,216.5548429382266
1338.asc,251.33333333333337,330.57142857142856,482.0,104.66666666666671,0.6196345190639038,0.30832308391391816,1107.25,10.62720565341614,15.004761149143865
1339.asc,179.0,171.11111111111111,389.090909090909,86.83333333333333,0.7069681557720365,0.14953734478093314,784.9090909090909,27.41417863228159,23.29806858947754
1340.asc,211.4,207.33333333333334,500.6666666666667,82.0,0.5996430985708991,0.2056608813981725,995.1111111111111,41.94293595521432,52.04325124355702
1341.asc,194.2222222222223,145.75,460.5,97.33333333333343,0.38432941046330604,0.3206390748062739,1005.5,34.99642838919423,44.41364011845267
1342.asc,193.0909090909091,135.8,276.6,72.18181818181819,0.12509678418974068,0.028857573482800037,846.4,8.284926070883191,10.327955589886445
1343.asc,221.8181818181818,178.8,378.8,93.81818181818181,0.5042208278241419,0.0895745212643237,899.4,17.436742815101677,20.044395171163877
1344.asc,199.45454545454547,153.2,327.4,100.54545454545455,0.5257588763532314,0.05576733923119124,873.0,8.1117199162693,7.7746025264604
1345.asc,180.9090909090909,262.50000000000006,442.2,84.0,1.1561575425467543,0.05061698043542497,845.6,13.558761005342634,8.16496580927726
1346.asc,261.0,176.28571428571428,469.42857142857144,71.0,0.1385406560800856,0.19620083959811574,1141.5,45.39548435692696,42.291505394954065
1347.asc,155.69230769230774,119.5,370.5,68.46153846153847,0.5031787800611697,0.14205614345987422,762.3333333333334,24.342464040346357,13.843278644756221
1348.asc,201.45454545454547,129.8,365.6,89.81818181818181,0.7534620173115428,0.16760581083378587,885.0,15.342750731208534,13.2664991614216
1349.asc,168.0,163.4,301.0,64.0,0.4580302993949071,0.03412484490880501,854.6,228.05797508528394,449.32443116799743
1350.asc,187.0,139.6363636363637,363.27272727272737,91.00000000000004,0.3613688059491174,0.11732968281735759,780.6666666666666,9.568466729604882,9.419515525082632
1351.asc,210.0,207.5,455.25,136.66666666666666,0.30793022637101425,0.17738513229852115,1054.0,52.01709120834976,46.314144707637645
1352.asc,176.0,169.55555555555554,418.44444444444446,92.2,0.4523190555541337,0.15127741594912641,921.1111111111111,41.23764311738176,48.176757881783615
1353.asc,215.0,210.72727272727272,341.6363636363636,88.0,0.6549336885425715,0.00498681877968682,695.3846153846154,64.24177703924265,103.96153134693621
1354.asc,292.22222222222223,292.4,545.6,97.33333333333336,0.7873761471870246,-0.056924722143302554,952.0,61.25357132445422,43.41082814229648
1355.asc,151.875,151.2,395.73333333333335,77.87500000000004,0.32103477702285355,0.2388252136560033,629.8666666666667,12.186695842415842,6.98978847012861
1356.asc,186.8333333333333,140.0,364.3333333333333,81.66666666666667,0.5264412881209439,0.14408370530647693,747.0,2.6457513110645907,3.0748244591432297
1357.asc,236.8,146.0,279.55555555555554,109.4,0.8742571677215413,-0.05989581814711855,898.2,8.506468127254694,8.432740427115679
1358.asc,145.44444444444443,120.25000000000003,213.75000000000003,44.77777777777778,0.30393150484496895,0.054315144202842426,508.3333333333333,2.1343747458109497,2.275185835978084
1359.asc,178.42857142857142,162.92307692307685,388.3076923076923,78.14285714285714,0.4849375594482468,0.12743458698724977,696.1538461538462,6.4907763414550725,10.44030650891055
1360.asc,217.55555555555554,187.0,477.75,94.0,0.46209651772936006,0.28744591660374796,1082.0,10.14889156509222,16.0
1361.asc,179.14285714285717,151.076923076923,321.23076923076917,68.14285714285727,0.543057969186177,0.040807479988753836,696.0,5.870395085642742,6.0553007081949835
1362.asc,200.11764705882354,195.57142857142864,399.42857142857144,93.76470588235294,0.5481460479599629,0.06038307923996799,575.25,2.222048604328897,2.780887148615228
1363.asc,200.8,167.11111111111111,431.55555555555554,111.8,0.4196489325175553,0.1542156263273595,966.2222222222222,17.774999782952197,20.8806130178211
1364.asc,151.4,142.74999999999997,329.1111111111112,84.0,0.4811214540916131,0.026957535201230478,978.4444444444445,16.859623767458363,20.062402647738878
1365.asc,240.0,176.44444444444446,415.8,92.72727272727273,0.8545449854313351,0.14156473291917568,863.6,8.97997772825746,5.92546294487706
1366.asc,283.5,180.85714285714286,462.85714285714283,98.75000000000011,0.3216102341408733,0.15089737173327325,1144.2857142857142,59.67941565616426,49.82636517614612
1367.asc,170.58823529411762,120.39999999999993,243.3333333333333,79.52941176470583,0.23110460212257164,0.02475927203852509,566.375,40.65229852050189,63.483331145532475
1368.asc,231.55555555555554,214.0,392.0,89.11111111111111,0.2721636982750022,0.33271637859222436,1014.6666666666666,199.3232996359878,357.169427583045
1369.asc,160.36363636363637,156.2,345.0,81.63636363636364,0.3653727747060281,0.05410566532252532,834.0,19.078784028338912,13.39983416149452
1370.asc,191.0,132.88888888888889,385.77777777777777,82.0,0.8504514286150467,0.2526750694362254,957.3333333333334,37.48777578535879,33.53356527421443
1371.asc,209.8,189.77777777777777,445.1111111111111,98.8,0.8845618950543732,0.026624346358363516,1000.6666666666666,7.363574011458175,12.489995996796797
1372.asc,227.0,187.77777777777777,463.77777777777777,92.4,0.6856442005433759,0.09409868448127814,1000.4444444444445,48.44036680086629,60.654760736483
1373.asc,231.6,215.77777777777774,461.55555555555554,84.6,0.3674127986405086,0.14861803094052245,942.2222222222222,15.53331743760115,16.431676725154983
1374.asc,256.8888888888889,249.66666666666666,494.0,97.33333333333333,0.711363110872591,0.10737695987242908,1140.75,64.48982477879747,60.48848768862669
1375.asc,187.0,153.45454545454547,395.45454545454544,95.16666666666667,0.24264580815744433,0.08709386182625668,812.3636363636364,14.06008358485906,13.682105101189656
1376.asc,156.93333333333334,154.57142857142858,404.85714285714283,80.93333333333334,0.313320494343362,0.06827410895747135,661.4285714285714,7.835033829029764,7.0819380224516335
1377.asc,229.11111111111111,192.0,462.25,112.0,0.649600415229964,0.14051092003794902,1067.0,13.490737563232042,22.347898590887052
1378.asc,226.66666666666666,236.85714285714286,436.0,93.5,0.6217659452841325,-0.06316286763451619,763.4545454545455,7.536138827659166,4.604345773288535
1379.asc,265.55555555555566,189.5,391.5,114.0,0.896245086835197,0.024888096036358547,1075.75,7.838207703295441,8.451542547285166
1380.asc,214.888888888889,200.25,473.5,114.0000000000001,0.7093457737503214,0.2852578104626458,1099.75,29.093598952346888,19.566735620873065
1381.asc,161.71428571428572,181.3846153846154,237.5384615384615,72.42857142857143,0.5410082067946732,-0.048697385382761436,704.0,5.764613536983137,5.354126134736337
1382.asc,166.00000000000009,146.88888888888889,269.55555555555554,48.72727272727281,0.15799102277719046,0.01741731618833092,879.2,394.04487054141435,384.47482217810943
1383.asc,194.33333333333334,159.45454545454547,365.6363636363636,91.16666666666659,0.29832132958226537,0.08227723690038641,850.0,38.94051407420858,44.099886621169446
1384.asc,199.0,141.111111111111,406.44444444444446,98.59999999999995,0.7837380722102127,0.23663909574352196,959.5555555555555,11.842588972865979,13.638181696985855
1385.asc,158.15384615384622,134.99999999999991,408.3333333333333,86.0,0.3572421203544135,0.12984540400045352,733.3333333333334,9.321420969406374,8.112840551753855
1386.asc,208.2,250.5,569.0,74.79999999999998,1.0691469732653165,-0.0012242315010827203,851.8181818181819,2.3284088136119445,3.22490309931942
1387.asc,194.15384615384616,196.0,258.92307692307696,104.92307692307692,0.574112091861614,0.016471826031552086,712.9230769230769,11.651751525391687,13.416407864998739
1388.asc,289.5,161.14285714285714,435.7142857142856,68.0,0.9035136620314342,0.18452241719782772,1209.4285714285713,135.6538211171122,168.91023256945292
1389.asc,169.71428571428578,140.30769230769235,332.0,78.71428571428578,0.45943262449036976,0.04717428054799043,708.1538461538462,13.552440335720146,12.220201853215574
1390.asc,262.8888888888889,254.0,542.6666666666666,117.11111111111111,1.3304727527986504,0.10375408054781363,1155.5,80.96758610703421,83.65917249684665
1391.asc,196.1428571428572,205.5,357.0,86.28571428571438,0.45999684191190227,-0.024809097275710925,694.4615384615385,124.85352364616669,217.37218466645328
1392.asc,200.66666666666666,119.27272727272727,349.45454545454555,90.83333333333333,0.4783269107335515,0.12390097676267207,781.0909090909091,40.83103664761658,64.18722614352485
1393.asc,188.28571428571428,145.23076923076923,379.84615384615375,103.28571428571429,0.3566032220254714,0.14153915155624694,709.6923076923077,36.533198001448184,37.179743588859424
1394.asc,165.57142857142858,133.23076923076923,357.69230769230774,100.14285714285714,0.5991455701185621,0.1666382532423641,727.8461538461538,28.923895242106163,23.03620339089466
1395.asc,175.45454545454547,132.6,391.19999999999993,72.54545454545455,0.9249230403395994,0.2532192516167189,879.0,15.185519418182572,21.80723631172817
1396.asc,190.0,154.66666666666666,436.8888888888889,86.4,0.11397189475435746,0.273967775130933,964.2222222222222,30.01398850824128,29.8496231131986
1397.asc,172.72727272727272,193.19999999999996,458.4,77.27272727272727,0.4753619768981304,0.14744191566099532,866.6,51.32679612054507,57.271284253105414
1398.asc,227.77777777777777,161.99999999999994,441.24999999999994,91.33333333333333,0.4725335053456786,0.09076741747430288,1089.5,270.48983345035356,501.73869123849147
1399.asc,149.25,158.4,369.46666666666664,57.62500000000006,0.3746682260844698,0.09522417922789694,577.7333333333333,2.048305532764962,1.8516401995451028
1400.asc,203.63636363636363,140.4,390.6000000000001,68.9090909090909,0.5587770734856157,0.18732761890288802,923.8,75.41591344006913,98.46826900072936
1401.asc,185.99999999999991,113.81818181818181,172.1818181818182,55.33333333333326,0.1603817530255825,-0.005242889693377853,787.2727272727273,92.48989223309354,104.38582279217806
1402.asc,214.1818181818182,177.6,419.4,97.27272727272727,0.07943791742947427,0.08547538738073271,892.8,56.619431293505585,94.76051685990086
1403.asc,161.99999999999997,148.00000000000006,398.0,68.3076923076923,0.44646111296114616,0.11739536663767967,710.1666666666666,88.72601397310461,160.25661240080493
1404.asc,241.8181818181818,188.0,550.6666666666666,95.4545454545455,0.35798748017046766,-0.005603269495872365,928.0,39.46644144079879,38.63216851853445
1405.asc,179.0,147.55555555555554,326.8888888888889,52.2,0.5281162857781662,0.10068292095388416,966.2222222222222,25.05894286046302,38.44476557348217
1406.asc,185.99999999999991,110.50000000000006,291.50000000000006,76.5,0.31223621813731645,-0.009309581997430092,769.8181818181819,192.84936098690565,333.2290503542571
1407.asc,170.46153846153845,129.1666666666666,404.5,91.07692307692308,0.579368532231577,0.12611486839183667,760.8333333333334,23.712982848126796,21.285932187501423
1408.asc,173.09090909090912,146.2,415.6,64.18181818181826,0.9032758373042626,0.10977280055473283,895.2,12.6554336156451,11.469767022723502
1409.asc,189.8181818181818,108.6,368.0,98.9090909090909,0.8333577924197253,0.21910127586898573,861.2,9.724196624914574,9.614803401237305
1410.asc,221.75,273.14285714285717,448.2857142857143,122.74999999999989,1.1441469647623714,0.24029013626095852,1196.0,3.5456210417116734,3.265986323710904
1411.asc,215.39999999999995,156.66666666666674,421.3333333333334,72.4,0.2707522335397796,0.3226370663974012,954.2222222222222,15.009462036238473,25.129663746258124
1412.asc,204.44444444444434,135.24999999999994,433.25,108.22222222222211,0.6613738891917541,0.11035778130767482,1053.25,18.136634197116067,31.029939459450173
1413.asc,200.76923076923077,185.6,443.4,94.46153846153847,0.6136370520748048,0.11189974455438888,719.5,208.83187017311317,370.387021174535
1414.asc,196.71428571428572,145.0,259.0,98.85714285714288,0.7200375454292255,-0.057630888576978366,695.3846153846154,43.74319896419673,48.64839839775475
1415.asc,175.0,137.11111111111111,410.6666666666667,93.8,0.23410965081877202,0.11232830497782738,973.5555555555555,34.1991264057078,41.11569043564756
1416.asc,169.8,183.11111111111111,336.0,96.6,0.4639064701837109,-0.02766599101391079,896.4444444444445,6.378977819736589,10.464224768228174
1417.asc,206.9090909090909,238.5,472.0,70.72727272727273,0.9132456677212787,0.016681191482248114,887.6,134.94532226053633,169.49729594696586
1418.asc,187.42857142857142,168.6153846153846,403.53846153846155,86.85714285714286,0.37736938312270707,0.1445910532569823,666.0,15.372302765288365,15.905973720586866
1419.asc,201.77777777777771,154.25,452.75,103.33333333333333,0.7296892198979408,0.04899915395060082,1120.5,11.07925990308017,14.870872776769263
1420.asc,252.28571428571428,129.66666666666666,325.0,156.0,0.2778957925989201,0.013734076826623642,1322.6666666666667,30.73904502239601,27.055498516937366
1421.asc,201.33333333333323,215.8181818181819,394.18181818181824,108.49999999999993,0.8117083797879344,-0.01451171250910016,835.2727272727273,8.49696105130758,12.992305415129373
1422.asc,234.22222222222229,186.0,376.75,66.66666666666671,0.3602313954429619,0.042153617002322154,1088.5,2.958039891549808,4.27617987059879
1423.asc,200.0,108.9090909090909,268.3636363636364,108.33333333333326,0.5617723257040101,-0.019673577701091582,791.0909090909091,5.991729837557847,6.131883886702357
1424.asc,236.83333333333334,173.8181818181818,347.8181818181818,83.33333333333333,1.1686914070247432,-0.13700072677289438,847.4545454545455,122.30540286613645,132.49452818890296
1425.asc,200.0,157.1999999999999,355.2,112.9090909090909,0.43015210225886574,0.19362942052171603,841.6363636363636,14.239973999419108,19.193748982416125
1426.asc,,,,,,,,,
1427.asc,188.72727272727278,144.0,230.2,64.9090909090909,0.054216652517464596,0.015271137175406941,913.6,83.48796320428472,123.66082645688569
1428.asc,198.88888888888889,203.25,461.0,111.77777777777777,0.5929114427920863,0.19177163164533448,1048.25,9.509863300805117,12.375090187261552
1429.asc,216.9090909090909,107.8,365.2,101.81818181818181,0.36779997529177083,0.1823700665596402,823.6,10.34601372510205,13.131810402394807
1430.asc,161.55555555555554,165.83333333333334,287.5,53.55555555555556,0.3130117409566271,-0.018879362734617572,527.2941176470588,120.45002122231755,160.75136080294934
1431.asc,201.1666666666666,134.54545454545453,380.72727272727275,109.16666666666674,0.4081868979466001,0.3014537949862819,844.1818181818181,26.838974989973007,32.30479840519052
1432.asc,211.4,235.11111111111111,467.77777777777777,95.0,0.6513668144926641,0.04254353138398205,923.5555555555555,20.929039427504186,17.161002301730512
1433.asc,256.0,193.42857142857142,491.25,115.99999999999994,1.023895268052879,0.2378242182984043,1054.0,22.869193252058544,16.47508942095828
1434.asc,183.0909090909091,133.2,404.4,72.72727272727273,0.7295707569806342,0.2356115938611882,845.6,88.33481759759285,97.3926759737781
1435.asc,188.39999999999998,139.11111111111111,304.66666666666663,86.4,0.7552109234728055,-0.011502902065073622,965.7777777777778,8.243216440440627,6.4031242374328485
1436.asc,220.4,160.22222222222223,513.3333333333334,64.6,0.2946603288206205,0.07985343064041023,980.4444444444445,4.499657051403686,7.280109889280518
1437.asc,163.06666666666666,107.28571428571432,261.7142857142857,79.6,0.27154552898877526,0.015162409646384165,625.8571428571429,5.0406510755363865,5.463163355250678
1438.asc,189.71428571428578,181.38461538461542,257.53846153846155,105.28571428571438,1.418072587056935,-0.12613125579810922,704.9230769230769,10.542671814776503,10.785793124908958
1439.asc,181.07692307692307,133.5,372.0,93.07692307692308,0.35373261105103004,0.10571290277164763,710.3333333333334,24.260163963905015,45.077710678338576
1440.asc,259.11111111111103,168.2500000000001,487.7500000000001,85.11111111111111,0.5415373668597749,0.21335756365593744,1037.0,267.15164233071823,334.14282660477477
1441.asc,188.66666666666666,234.0,451.75,108.44444444444444,0.7475068008847258,0.32429022683071934,1132.75,15.13068075137401,22.84106577448359
1442.asc,234.88888888888889,165.75,439.5,86.66666666666667,0.6002034773509712,0.16659438572300395,1115.75,12.784267675545596,15.729862409715205
1443.asc,,,,,,,,,
1444.asc,223.27272727272737,155.33333333333334,360.6,81.09090909090918,0.6001004275703208,0.018650204804854145,844.6,114.46938455325075,136.11269840344312
1445.asc,192.36363636363637,161.8,441.6,88.36363636363636,0.19392832241202979,0.10607102942994358,937.8,114.76393161616589,174.4668067761506
1446.asc,183.69230769230762,174.66666666666666,404.0,95.69230769230762,0.48092322747842814,0.10998754693918208,748.6666666666666,25.18376902336547,22.89898767115342
1447.asc,163.5714285714286,199.59999999999994,374.79999999999995,81.71428571428575,0.6811286121943945,0.07267327828588489,637.2,29.81543224573476,30.41616111778173
1448.asc,220.6,122.0,306.6666666666667,54.600000000000094,0.13830083955595956,0.18338029775811385,947.1111111111111,66.95345720796475,83.29765903073147
1449.asc,271.5,222.5,453.42857142857144,103.0,0.6856482428711361,0.24680558510383444,1164.857142857143,64.1325158701632,71.19456908126256
1450.asc,206.4285714285714,149.076923076923,274.7692307692307,86.42857142857143,0.9678682220252934,-0.05183600250439706,688.3076923076923,116.31216922600652,192.13970611684266
1451.asc,212.33333333333334,183.27272727272728,392.90909090909093,90.16666666666667,0.678753878340022,-0.02443519883103405,805.0909090909091,2.7453943400984544,3.4641016151377544
1452.asc,195.28571428571428,164.30769230769232,413.0769230769231,106.0,0.4126470909507551,0.033593276845631695,701.6923076923077,4.630743674859204,4.320493798938574
1453.asc,170.0,173.53846153846155,392.46153846153845,93.64705882352943,0.17511186465913203,0.24575709144654645,559.0,16.217274740226856,13.75015151431673
1454.asc,173.66666666666666,135.63636363636363,269.45454545454544,88.33333333333333,0.37076521015578034,0.02095702149573221,779.4545454545455,4.00825594273611,5.549774770204643
1455.asc,173.53846153846155,143.49999999999997,341.8333333333333,67.38461538461532,0.0951569540899808,0.10066652140499702,784.8333333333334,19.87390807622452,28.527498695437387
1456.asc,233.49999999999997,221.8181818181818,280.0,72.33333333333333,0.5397737189112715,-0.028482499932707125,832.1818181818181,107.82967898227967,115.04781614615725
1457.asc,186.0,176.33333333333326,364.6666666666666,76.92307692307692,0.3673568290282534,0.19455972569795443,760.6666666666666,54.05141585153487,33.078419221326435
1458.asc,186.0,189.55555555555554,277.53846153846155,69.46666666666667,0.44016289273060333,0.009577777440853277,642.8571428571429,28.230826977556546,32.49615361854384
1459.asc,183.0,260.44444444444446,451.3333333333333,101.0,0.4786415686368117,0.10665821013304769,947.1111111111111,173.3823292575268,289.2784126062641
1460.asc,166.92307692307693,152.66666666666666,263.33333333333326,55.84615384615388,0.13836923255276906,0.04356179444544705,620.1333333333333,6.173779681488121,10.05698051817031
1461.asc,169.71428571428572,146.46153846153845,214.15384615384616,65.42857142857143,0.6930259038995057,-0.04428459340944872,723.6923076923077,40.006508346257505,52.70989786874315
1462.asc,174.4,219.0,467.1111111111111,102.0,0.8955408891221023,0.20521817758627175,994.0,49.63869458396343,87.54713016427209
1463.asc,149.33333333333334,156.28571428571428,275.7142857142857,56.666666666666664,0.2898632262283584,0.05232027593624553,669.7142857142857,6.62709343128183,7.706141406995812
1464.asc,194.0,111.63636363636364,189.2727272727273,45.83333333333341,0.1504248090424703,0.02268728895250769,850.1818181818181,72.42026107986655,78.78578551997816
1465.asc,241.6,181.55555555555554,387.55555555555554,86.79999999999991,0.4535078228850911,0.2683168529982908,914.2222222222222,15.956731618681102,12.083045973594572
1466.asc,187.0,175.99999999999994,439.7777777777779,105.2,0.40650168852255497,0.18862907672610885,960.8888888888889,19.3703349620808,24.969981978367546
1467.asc,205.0,198.0,350.0,124.00000000000001,1.1147597090103918,0.003107735096975008,817.4545454545455,9.948628378403239,11.313708498984761
1468.asc,164.16666666666666,147.45454545454547,284.90909090909093,74.5,0.2653861915103607,0.041848701324412645,785.2727272727273,17.81261508589761,16.661332479726823
1469.asc,256.61538461538464,205.5,431.6666666666667,97.38461538461542,0.7052452249341724,0.16065298222595667,749.3333333333334,7.972173828734266,9.534625892455923
1470.asc,275.0,187.0,447.0,128.0,0.3579258494934248,0.2600682682184041,1112.25,377.2816421454932,682.7114010640639
1471.asc,246.40000000000003,197.55555555555554,460.6666666666667,99.2,0.20706912515794645,0.16193631513350348,993.3333333333334,224.06943368320253,353.9632749311713
1472.asc,199.83333333333334,126.72727272727273,333.09090909090907,89.83333333333333,0.6397170712295762,0.10226988377201592,814.5454545454545,151.77517082625485,230.620033821869
1473.asc,138.26666666666668,157.14285714285714,253.42857142857142,48.8,1.0315782126360342,-0.1530026202645874,618.1428571428571,117.09450221500406,213.77702258338098
1474.asc,175.4545454545455,128.4,425.4,59.63636363636363,0.20789685612810624,0.07537817620882102,866.0,37.93678953206241,38.87872883152889
1475.asc,203.33333333333323,162.4999999999999,429.9999999999999,78.22222222222223,0.41654891107979986,0.26295517632861426,986.4444444444445,19.816441608540405,24.819347291981714
1476.asc,165.66666666666666,117.45454545454545,205.27272727272728,50.0,0.2669639157815103,0.04477804528876563,803.2727272727273,24.528613751330987,19.068298298484844
1477.asc,149.33333333333334,146.30769230769235,361.3846153846155,70.13333333333334,0.45929377533818344,0.17810397344174875,615.8571428571429,17.719469287671533,21.2602916254693
1478.asc,192.9090909090909,150.90909090909082,403.8181818181818,96.72727272727273,0.41483635352895676,0.13780977828059907,848.1818181818181,11.360363164955134,14.394443372357264
1479.asc,252.2000000000001,182.2,386.6,120.60000000000002,0.27541841736741995,0.034391868398489664,926.8,15.289211882893111,23.40939982143925
1480.asc,161.3846153846153,175.0,412.6666666666667,81.53846153846146,0.4119513437365704,0.19924294366646692,728.3333333333334,30.120129850686602,31.714636712694375
1481.asc,272.5,192.0,454.25,107.75,0.22191723529033344,0.3043900192159946,1127.25,74.22221702428457,103.31366940397716
1482.asc,197.0,186.0,349.0769230769231,83.85714285714286,0.6330938546992201,0.016489899525813183,691.5384615384615,10.172477079887102,8.524474568362947
1483.asc,190.66666666666663,163.81818181818173,330.00000000000006,95.33333333333333,0.6465109366907162,-0.003974771758305947,784.5454545454545,8.359682860052835,9.919677414109795
1484.asc,149.53846153846155,173.33333333333326,397.33333333333326,68.92307692307683,0.2989695994323105,0.14627842079877282,756.6666666666666,29.465610840812754,47.374715158654375
1485.asc,186.6,118.0,408.2222222222222,64.2,0.6327890540916563,0.19314271262453586,996.2222222222222,26.64072812559237,25.700194551792794
1486.asc,187.00000000000009,178.0000000000002,424.7272727272729,93.0,0.35624812952890833,0.22705948106178242,789.0909090909091,9.433543106234797,9.899494936611665
1487.asc,,,,,,,,,
1488.asc,171.63636363636363,138.6,326.6,74.9090909090909,0.7838795804489794,0.040866179702893794,855.2,38.58704445795246,20.72036035722674
1489.asc,183.27272727272728,174.75,329.77777777777766,66.54545454545455,0.4588575294322386,0.027783865785776,768.3636363636364,93.31011123937283,102.95047352975118
1490.asc,157.28571428571428,129.0769230769231,362.9230769230769,85.42857142857143,0.6128932764656618,0.06587127166508346,687.8461538461538,34.314935420300706,33.8329228218117
1491.asc,198.8,188.66666666666666,441.55555555555554,88.6,0.5592585089520112,0.20585745101057637,976.8888888888889,16.003086122123406,15.795568998931314
1492.asc,248.66666666666666,165.0,469.75,51.55555555555556,0.5621277796085207,0.18513567485397622,1133.5,10.618380290797651,20.368042194996132
1493.asc,209.2,166.44444444444434,390.8888888888889,52.6,0.45812463776828355,0.15484865103533257,999.7777777777778,21.85699876610987,18.76166303929372
1494.asc,230.00000000000014,227.5,432.25,102.22222222222227,0.34815280381855523,0.08234833349878988,1066.25,27.98995355480248,36.940105963186255
1495.asc,164.00000000000009,131.64705882352936,320.9411764705882,81.41176470588245,0.6679103763667539,0.08803238859013401,502.0,90.89187715815608,149.99058794000453
1496.asc,182.8333333333334,137.81818181818178,341.27272727272725,91.66666666666674,0.6481081890670755,0.08016159015527814,810.3636363636364,5.103879580952073,4.560701700396552
1497.asc,165.33333333333334,122.28571428571425,373.2857142857143,78.93333333333334,0.5424693794415442,0.20618030031317522,666.0,31.450641601449995,15.261817615312959
1498.asc,254.44444444444446,212.5,549.0,137.77777777777777,0.5413822732028714,0.13642733112088867,1095.25,28.686887248357916,32.469766156929964
1499.asc,227.00000000000009,216.0,394.44444444444446,104.6000000000001,0.4157595576698654,0.036111220118007784,945.3333333333334,66.75327707311455,71.29516112612411
1500.asc,191.84615384615384,161.0,371.00000000000006,82.0,0.8154009770133571,0.049477473303171565,713.0,11.32843031197762,8.39913415450989
1501.asc,182.7272727272727,164.2000000000001,256.80000000000007,85.81818181818174,0.43946219847734214,-0.0038121560021318816,872.2,28.120455188349993,43.29742101634538
1502.asc,150.37500000000006,142.40000000000006,310.7999999999999,69.5,0.16994888104814831,0.025127014154028557,619.4666666666667,3.964284999284935,4.840306956027833
1503.asc,155.87500000000006,127.06666666666666,329.73333333333335,69.375,0.2811069904386633,0.12555989663147554,602.9333333333333,13.223548019431934,13.114877048604
1504.asc,263.55555555555554,146.25,370.5,58.00000000000003,0.37941124694299955,0.02863130374778169,1064.2222222222222,322.9082352543238,300.9219167824105
1505.asc,190.0,156.88888888888889,433.1111111111111,97.6,0.7540110308330128,0.19270691802195322,946.6666666666666,8.993825042154693,14.2828568570857
1506.asc,170.92307692307693,109.83333333333333,362.83333333333326,96.46153846153847,0.624356675469904,0.22056587545915385,714.5,6.383572667401852,6.6332495807108
1507.asc,164.47058823529412,168.5,267.49999999999994,74.94117647058825,0.611510760095091,-0.04575836758257829,562.0,2.0,2.422120283277993
1508.asc,211.84615384615384,142.0,308.6666666666667,78.92307692307685,0.428352672481314,0.12570241163513643,743.0,10.344080432788601,12.446248065545332
1509.asc,218.5,211.0,463.5,147.5,1.1031781424863356,0.1665211540269925,1116.25,14.60950033368698,15.729862409715205
1510.asc,276.2857142857143,208.33333333333334,487.0,66.85714285714286,0.5026154264673751,0.12798957649897966,1357.6666666666667,51.593496575526736,91.28855349932981
1511.asc,196.71428571428572,202.0,359.0,70.42857142857146,1.253312866907634,-0.017263687291303776,694.7692307692307,101.86427912151908,185.1449882299455
1512.asc,195.8333333333334,203.66666666666666,430.3333333333333,69.83333333333333,0.5596759625223658,0.18416970863374352,768.6666666666666,26.017088401450476,18.33030277982336
1513.asc,206.5999999999999,164.0000000000001,315.55555555555554,79.60000000000002,0.5366583085673946,0.017462386718446868,967.1111111111111,54.60249169008162,51.337121072378025
1514.asc,195.8,154.0,414.2222222222221,94.8,0.6420111068763217,0.11653742269569078,950.8888888888889,43.04118039594806,43.09292285283048
1515.asc,158.11111111111111,121.5,240.35294117647058,52.77777777777784,0.7176387906313302,0.06472144400813074,551.5294117647059,5.961816216150554,7.211102550927978
1516.asc,179.0909090909091,112.6,352.4,78.36363636363636,0.34161803019106124,0.04813588772785087,862.4,22.39285600364545,18.110770276274835
1517.asc,181.63636363636363,147.4,402.6,82.9090909090909,0.41072707608861375,0.14531164469669036,844.6,7.539230729988305,9.428090415820634
1518.asc,178.16666666666666,167.27272727272737,350.36363636363643,84.16666666666667,0.2628313459805019,0.03132585228248776,811.6363636363636,6.371423806521903,10.039920318408907
1519.asc,195.5555555555556,204.0,497.0,127.11111111111114,0.5157079370129294,0.11348304187321341,1080.5,9.096702699330127,13.835771443203715
1520.asc,160.15384615384608,133.16666666666674,301.00000000000006,70.92307692307692,0.8657718408252791,0.08022549915990354,731.8333333333334,5.565269285688,7.885544888073251
1521.asc,235.63636363636363,105.77777777777777,373.6,106.36363636363636,0.8669541391616,0.38255778417947806,867.2,27.816541841141937,37.712361663282536
1522.asc,200.9090909090909,277.0,362.8,118.0,0.9683016505132305,0.2652274514051251,828.8,21.766028576660467,21.249836600678968
1523.asc,163.69230769230768,144.0,394.1666666666667,65.53846153846153,0.21867670612892834,0.2872020195019323,762.1666666666666,33.37122845939132,27.653702694707498
1524.asc,242.0,263.6666666666667,560.9999999999999,75.2,0.9740131216805714,-0.006040164087103635,1014.6666666666666,164.6545204697129,244.49539872971025
1525.asc,197.33333333333317,186.0,461.5,112.44444444444444,0.8115696086214954,0.0973090704877063,1015.75,5.952940449895329,5.756983337031396
1526.asc,177.6,136.88888888888889,299.1111111111111,53.8,0.6397538851157085,0.07358525024398181,981.1111111111111,17.12985985831268,13.693063937629153
1527.asc,218.5,288.3333333333333,518.6666666666666,128.5,1.1609695993714075,0.2621547464782068,1067.142857142857,287.27061834316663,244.6752950340512
1528.asc,161.3846153846153,159.16666666666674,399.8333333333334,79.07692307692301,0.6230598054138727,0.21960596876936392,732.6666666666666,7.408703590297623,7.79277054244976
1529.asc,243.11111111111111,204.25,478.25,125.11111111111111,0.5355786721838149,0.18993890618289927,1056.75,265.139468016363,342.42913761202374
1530.asc,242.66666666666666,181.5000000000001,502.5,87.77777777777777,0.32024959755076876,0.1734529778125776,1068.5,226.72395109471782,334.4804072844071
1531.asc,200.15384615384616,171.8333333333334,407.1666666666667,97.23076923076923,0.7852033827822371,0.13623483180703047,723.3333333333334,18.589124658131578,31.310759115097103
1532.asc,205.09090909090918,130.1818181818182,359.09090909090907,86.54545454545455,0.6982742192828012,0.316507005709054,851.4545454545455,6.610785077344669,7.0992957397195395
1533.asc,162.85714285714286,145.076923076923,313.23076923076917,97.28571428571436,0.7766696167891913,0.0064481996745622905,661.3846153846154,3.4538375877913308,3.559026084010437
1534.asc,179.45454545454547,109.59999999999991,397.79999999999995,80.72727272727273,0.6286784125377087,0.05954628091729996,879.4,85.31846224587032,51.22499389946279
1535.asc,150.30769230769224,158.7999999999999,356.1666666666667,68.61538461538461,0.5454925051760913,0.047270823303876705,748.5,2.4664414311581235,2.696799449852968
1536.asc,243.16666666666666,167.00000000000003,357.2,103.0,1.2444876313163074,-0.06458772606028734,809.0909090909091,3.9417242524870546,3.7416573867739413
1537.asc,185.84615384615384,170.99999999999991,271.8333333333333,66.46153846153847,0.8154819911328418,-0.06645852814364954,750.6666666666666,3.8586123009300755,3.411211461689767
1538.asc,210.44444444444446,143.0588235294118,220.47058823529414,85.44444444444444,0.6048332600371991,-0.06971729133416399,532.3529411764706,2.588235294117647,4.769696007084728
1539.asc,224.9090909090909,204.8,487.2,118.72727272727276,0.7895550156563711,0.11920970247149781,744.8333333333334,111.15592151967832,217.7095646623146
1540.asc,191.0,143.63636363636363,357.8181818181818,99.66666666666667,0.8204196403687972,0.07625562184390583,789.0909090909091,9.03985665065895,10.469001862641921
1541.asc,168.93333333333334,171.28571428571428,357.2857142857143,71.86666666666666,0.20892935031551532,0.050633743035725966,667.5714285714286,4.288094577086753,4.673986932604096
1542.asc,245.11111111111106,130.5,387.0,79.99999999999994,0.6888733690917652,0.21478583557241193,1101.5,52.9882062349727,67.24369327836095
1543.asc,144.3,135.33333333333337,275.68421052631584,58.8,0.3444100991447667,0.043848066582061994,492.10526315789474,1.9972279958958183,3.8873012632302
1544.asc,138.35294117647058,139.375,320.125,76.47058823529412,0.044467951045152915,0.04668309960905974,565.5,8.0156097709407,5.440588203494177
1545.asc,261.2727272727273,143.59999999999982,418.4,148.3636363636364,0.6869813655384884,0.04416368461521035,901.0,8.1117199162693,12.96148139681572
1546.asc,170.13333333333327,144.57142857142853,372.0,69.60000000000007,0.38676099796938507,0.18934455825200244,666.2857142857143,64.96529685854108,66.10713914664471
1547.asc,219.33333333333343,186.24999999999983,441.49999999999983,79.77777777777777,0.31054151972214233,0.15935330990549412,1019.75,81.41521663669513,113.96239981427458
1548.asc,201.81818181818173,126.1999999999999,264.3999999999999,70.90909090909099,0.253241776946547,0.05248428055001062,905.6,38.17643252060098,38.27386691841953
1549.asc,250.22222222222223,185.0,292.5,85.11111111111111,0.6603567882403449,-0.021042322307599844,1045.5555555555557,249.85823140827108,225.89267363064258
1550.asc,175.33333333333334,164.36363636363637,424.54545454545456,52.500000000000036,1.0458616312132902,0.17568245031979854,770.9090909090909,5.5506681899904535,5.253570214625479
1551.asc,253.5000000000001,211.71428571428572,661.4285714285714,110.0,0.49993955053815814,0.05811064887869894,1146.857142857143,144.9486890212519,245.75190741884384
1552.asc,173.69230769230768,145.07692307692312,380.15384615384613,83.38461538461539,0.4741926045735421,0.12867024599794877,738.6153846153846,11.37837666898498,11.561430130683084
1553.asc,155.42857142857136,158.15384615384616,424.9230769230769,80.9999999999999,0.6008788178126092,0.1566923772252175,698.6153846153846,6.989425656369567,7.2571803523590805
1554.asc,274.0000000000001,162.57142857142844,421.7142857142857,81.5,0.33774522155872966,0.11463431528178311,1155.142857142857,53.866047009300424,86.84468895678077
1555.asc,216.8,156.4000000000001,419.8,76.8,0.12975353944056664,0.21142090844051717,922.8,91.97477915167832,99.47640702978548
1556.asc,206.8,185.85714285714286,407.00000000000006,91.33333333333333,0.8331058418838426,0.1522082184423938,657.4285714285714,4.8064582403602065,6.610015710443334
1557.asc,210.83333333333334,157.45454545454547,270.909090909091,83.83333333333333,0.8742363311070268,-0.04174305570267395,774.5454545454545,7.240839182450864,9.2951600308978
1558.asc,222.9090909090909,192.54545454545453,444.72727272727275,113.81818181818181,0.49486354605339317,0.16163740919975722,842.7272727272727,18.513341180156882,23.31523107327054
1559.asc,216.16666666666666,182.54545454545462,362.0,100.16666666666669,0.5452500752005428,0.020450994539367218,822.0,9.908673886137246,7.238784428341543
1560.asc,168.83333333333326,127.45454545454537,396.1818181818181,96.5,0.3668766965520563,0.17357290471809952,830.5454545454545,25.414253825769926,37.089081951431474
1561.asc,154.71428571428572,140.30769230769238,387.69230769230774,82.71428571428571,0.6301603380304627,0.08693040799789198,707.0769230769231,8.896512181415975,13.892443989449804
1562.asc,191.6,156.61538461538458,397.2307692307692,71.06666666666668,0.6456922559759869,0.17965053564886688,639.8571428571429,40.725311790189686,64.82876854274829
1563.asc,169.66666666666666,170.54545454545453,370.1666666666667,56.166666666666664,0.7013643447205422,0.0995487370519275,754.5,7.123903424387503,8.591750800516843
1564.asc,161.73333333333332,151.71428571428572,424.0,78.53333333333333,0.6593449917047087,0.12257703260738854,670.1428571428571,2.8749445424997297,2.8823067684915684
1565.asc,256.4999999999999,197.42857142857156,486.2857142857143,149.75,0.31873895273935526,0.0912121359948839,1137.7142857142858,24.36457783466039,35.37419021452411
1566.asc,181.5,146.18181818181827,295.27272727272737,92.83333333333333,0.6883411383713539,-0.005094703209725267,811.2727272727273,20.16789036198116,39.2530253611107
1567.asc,197.66666666666666,189.0,310.7999999999999,85.33333333333333,0.10260158266480683,0.06848955616303821,780.1818181818181,25.333478323494035,36.08323710533743
1568.asc,272.75,174.28571428571428,477.14285714285717,86.5,0.3857402141242264,0.22640778042258253,1181.25,49.76884065356556,62.97845436564567
1569.asc,164.4615384615385,165.07692307692307,423.38461538461536,80.61538461538461,0.30974753390152865,0.15758494554164695,737.0769230769231,14.793249699994606,15.088627063675034
1570.asc,209.5000000000001,197.14285714285728,406.57142857142856,129.25,0.8085712527359958,0.0056076917984513456,1119.142857142857,47.63980499968658,33.1762967593833
1571.asc,166.72727272727272,167.20000000000005,405.40000000000003,83.27272727272727,0.5591763100021624,0.2379924269719638,893.2,20.18316129846858,22.130923563597108
1572.asc,214.00000000000006,163.07692307692312,385.2307692307692,98.28571428571438,0.4726840404908542,0.07808994329865979,692.3076923076923,7.87776437814899,12.832251036613439
1573.asc,196.5,113.6,188.72727272727272,57.0,0.36389522776621447,-0.03170826620814927,817.0909090909091,135.43831507399466,173.83900597967073
1574.asc,258.7999999999999,296.44444444444446,493.3333333333333,123.79999999999991,1.0921353214658494,0.0783419634658473,930.2222222222222,17.421428553350786,15.921683328090658
1575.asc,181.57142857142858,177.076923076923,288.3076923076923,84.57142857142857,0.9143229964020557,-0.04257902428600156,681.2307692307693,6.446869796848296,6.879922480183431
1576.asc,204.6,145.11111111111111,407.1111111111111,74.4,0.3004266413636863,0.05410829847683741,975.7777777777778,15.38959083838292,15.049916943292411
1577.asc,207.33333333333334,195.14285714285714,414.5,66.44444444444444,0.770797225788771,0.059225232436135394,1074.25,75.12947158073189,126.99381312264221
1578.asc,165.8333333333334,124.00000000000009,359.6363636363636,78.5,1.0662370831003511,0.14986212911267813,831.2727272727273,7.2499643772279585,6.870225614927067
1579.asc,181.0909090909091,145.2,414.0,84.00000000000004,0.2822530905489507,0.05072490057999583,897.0,2.8635642126552705,3.3333333333333335
1580.asc,218.36363636363646,198.4,428.2,105.63636363636364,0.25967366383642587,0.08024449270159724,872.2,19.088216260300488,21.561282171728305
1581.asc,204.2,142.44444444444446,247.11111111111111,79.8,0.3384828272078743,-0.02243794345965758,916.0,11.075498483890767,12.469963913339926
1582.asc,155.0,150.00000000000006,376.8333333333333,74.50000000000004,0.8181447544401957,0.14538473572223082,764.6666666666666,5.374838498865699,6.494753127087909
1583.asc,323.25,183.42857142857142,348.85714285714283,106.25,0.3145324491757027,0.025084920439010894,1294.2857142857142,270.374192706391,244.10516859200942
1584.asc,185.84615384615378,187.6,439.0,89.23076923076927,0.740586569680456,0.1392962993726665,773.8333333333334,24.55549270982405,8.842048302391149
1585.asc,184.6,169.55555555555554,252.22222222222223,71.4,0.42405316641162916,-0.00971792003782532,987.3333333333334,12.220201853215574,15.182226450688976
1586.asc,250.22222222222217,230.5,513.75,101.11111111111106,0.38876683537904716,0.1443150592428627,1042.25,30.861586154959696,45.424977396016075
1587.asc,178.93333333333334,151.14285714285714,394.71428571428567,80.8,0.5753977449014879,0.2401385576088111,655.7142857142857,7.085483867221283,6.586699885725429
1588.asc,215.81818181818173,223.55555555555566,431.2000000000001,83.0909090909091,0.4531667250744253,0.11107371666455496,846.3636363636364,33.69184613326745,39.52214569073901
1589.asc,204.4000000000001,146.6,341.2,105.40000000000009,0.661163500641112,0.07107725448198578,876.4,12.92439553712281,13.416407864998739
1590.asc,207.33333333333348,168.9090909090909,374.3636363636364,73.83333333333343,0.5069326057224463,0.08802108222302946,843.0909090909091,54.24096832310518,57.848076891111944
1591.asc,164.9090909090909,107.6,391.2,70.18181818181819,0.5149976461338098,0.4026834342448844,844.4,21.923503369671554,18.690461025168247
1592.asc,196.33333333333334,154.9090909090909,331.45454545454544,79.66666666666667,0.773149109004306,-0.06353233407419595,796.0,110.2789850581449,131.96514691387267
1593.asc,207.6,166.88888888888889,452.8888888888889,69.8,0.7172475610127788,0.3139713522347002,883.4,20.785571919001892,11.794537341969422
1594.asc,183.63636363636363,120.6,388.19999999999993,84.9090909090909,0.35452703703793625,0.2250030412738811,841.4,25.299011838409818,29.03637565384342
1595.asc,188.00000000000006,120.0,378.0,90.28571428571442,0.9058322085363749,0.006576043403999831,678.9230769230769,4.999408249006745,4.320493798938574
1596.asc,184.00000000000006,145.16666666666666,294.5,97.84615384615391,0.7659758600773915,-0.022788447350333318,751.1666666666666,11.984944258897865,6.179143806533246
1597.asc,199.99999999999994,165.83333333333326,358.0,76.3076923076923,0.3534279388162168,0.04170528103100484,724.8333333333334,8.811293258590869,8.591750800516843
1598.asc,130.6,132.44444444444446,228.31578947368422,47.7,0.39996483410136874,-0.019735164538154902,485.36842105263156,2.832341904647097,4.784233364802441
1599.asc,184.33333333333337,162.1818181818182,363.45454545454544,78.6666666666667,0.4512524878271458,0.05352449006255136,849.0909090909091,87.2462080920786,48.641546028061235
1600.asc,197.8,168.00000000000006,387.59999999999997,88.2,0.319838545588815,0.10076604603820534,917.8,24.648732218919495,29.940682097180826
1601.asc,216.44444444444446,143.75,437.50000000000006,69.55555555555556,0.37013766050929864,0.22794655626905053,1048.6666666666667,116.16846005311042,124.4789138770097
1602.asc,185.4,167.55555555555551,437.7777777777779,77.39999999999998,0.6951637584328318,0.2170352840931294,924.2222222222222,15.009462036238473,17.219175357722563
1603.asc,150.923076923077,170.83333333333334,390.3333333333333,82.61538461538468,0.6959655686979622,0.11958858857069544,756.5,12.96469565139627,13.470506503266515
1604.asc,200.2000000000001,171.11111111111111,478.22222222222223,99.6000000000001,0.4002042168709902,0.20890802660211025,980.6666666666666,35.339622081862856,19.44222209522358
1605.asc,164.16666666666666,151.8181818181818,419.45454545454555,79.33333333333333,0.4582819489957995,0.14917577522048375,798.0,28.844410203711913,34.40930106817051
1606.asc,206.18181818181822,170.0,363.1111111111111,73.81818181818186,0.3821888003362009,0.03340573557464469,881.0,26.019223662515376,15.14375558880073
1607.asc,170.7692307692307,196.6666666666666,394.1666666666666,95.07692307692317,0.8129565243610709,0.11599845039665596,753.0,26.57693235370353,45.15830740044103
1608.asc,204.0,206.72727272727272,263.6363636363636,95.66666666666667,0.8982614392929125,-0.07438062931102889,776.9090909090909,9.238797102481819,8.555699854482976
1609.asc,243.24999999999994,178.85714285714286,464.0,95.25,0.21093917170156098,0.16480309280773753,1185.5,55.49549531268281,71.00503000291096
1610.asc,190.79999999999998,169.77777777777777,379.55555555555554,84.2,0.5856481165376024,0.09613870014590442,934.4444444444445,33.767542308854026,23.926972228010797
1611.asc,207.50000000000009,166.44444444444446,355.1111111111111,54.83333333333341,0.6640004431342054,0.044438706824585304,790.5,236.73068383009976,396.9657644959048
1612.asc,191.2857142857142,162.15384615384605,380.0,76.42857142857143,0.5443736827983542,0.19510758771636308,661.8461538461538,2.6557963848664725,3.2145502536643185
1613.asc,216.83333333333334,126.18181818181826,409.27272727272737,126.33333333333341,0.8384178745239396,0.1580591983131581,832.5454545454545,34.14504792090152,47.73258844856415
1614.asc,214.72727272727272,126.2,225.0,67.0909090909091,0.43858143539754074,0.010025192379450414,878.2,124.0788459004999,145.4097658343483
1615.asc,155.625,124.8,351.33333333333337,93.875,0.33989414954026304,0.20308312948597937,572.6666666666666,17.074997966487597,12.772738827004064
1616.asc,202.5454545454545,125.6,389.4,103.6363636363636,0.5054047689127876,0.3121242627594601,887.2,27.191175038971743,22.978250586152114
1617.asc,197.83333333333334,119.63636363636365,387.09090909090907,102.66666666666667,0.3056424118617626,0.2588731116481716,789.4545454545455,25.78358757872442,17.204650534085253
1618.asc,166.4,148.88888888888889,420.8888888888889,105.6,0.4659372926627451,0.11335234337858913,949.1111111111111,24.094464299430754,32.24127789030702
1619.asc,195.39999999999995,149.55555555555569,358.0000000000001,90.4,0.5991692446467887,0.09768520587492155,964.8888888888889,46.60101201677549,51.58003489723519
1620.asc,186.49999999999994,184.5714285714285,286.4285714285714,81.5,0.9090296881591595,0.03315261292862455,614.5333333333333,40.84746694172792,52.53298283663594
1621.asc,211.45454545454547,163.2,398.6,102.18181818181819,0.2606694822740716,0.10744438949983548,936.4,21.518364250100426,19.183326093250876
1622.asc,142.55555555555554,178.375,371.75,78.88888888888887,0.3465765600762461,0.32042101712422255,560.3529411764706,58.01920693789619,69.55213871621778
1623.asc,183.49999999999997,140.9090909090909,283.27272727272725,74.49999999999996,0.16855458119567343,0.033921528371909274,808.3636363636364,44.25396279589542,50.27524241612366
1624.asc,186.8333333333334,183.6363636363637,374.909090909091,105.33333333333326,0.8234327145676672,0.0764707816861633,816.1818181818181,9.16334775880302,6.099180272790763
1625.asc,218.66666666666663,142.1818181818182,333.63636363636357,104.66666666666667,0.4074241106420413,0.09981003550402122,765.6363636363636,62.49839667364963,39.293765408777
1626.asc,217.1111111111111,190.0,455.25,108.22222222222223,0.47365070448255203,0.16980398709907862,1134.25,67.51620175928146,85.1989268879435
1627.asc,230.22222222222229,152.75,411.5,104.88888888888891,0.6537850958904745,0.3385743216397057,1050.5,42.68196340376108,42.741749412689494
1628.asc,193.090909090909,162.0,347.6,49.63636363636363,0.5850798853549797,0.023699834027199322,858.0,47.04891072065325,75.80090881894344
1629.asc,188.15384615384625,190.16666666666666,382.8333333333333,102.92307692307696,0.7134005347031612,0.2139964558633109,762.1666666666666,13.722447141656462,9.835002426398924
1630.asc,191.0909090909091,137.0,396.4000000000001,102.36363636363636,1.0173754214719124,0.46211685151032333,892.2,59.829424199134664,62.236109561357814
1631.asc,205.50000000000009,202.36363636363632,436.3636363636364,72.83333333333333,1.0181873191248703,0.10529876276602233,799.2727272727273,5.801111321288661,4.560701700396552
1632.asc,259.4999999999999,150.66666666666666,429.42857142857156,87.75,0.7140366273482959,0.2464001777332787,1114.25,14.43736471798091,10.447145885018411
1633.asc,195.28571428571436,151.66666666666666,292.6666666666667,70.42857142857149,0.4548110182732429,-0.004283649050882649,661.8571428571429,84.31052903476794,121.51353200997188
1634.asc,188.39999999999995,129.84615384615378,258.15384615384613,118.93333333333334,0.8871182054490933,-0.018211256574443783,602.9333333333333,43.54838943316069,44.58378949477361
1635.asc,195.84615384615384,187.83333333333326,372.99999999999994,107.07692307692308,0.5844017932356058,0.03093099389039133,781.1666666666666,8.84904263497219,11.599373023808422
1636.asc,201.40000000000003,136.66666666666666,474.22222222222223,93.4,0.7481938034653504,0.15015258775414708,968.2222222222222,14.619452625243134,14.33527118683145
1637.asc,153.53846153846158,150.36363636363635,364.8333333333333,88.00000000000003,1.3645482128402178,0.14272548866951731,733.5,8.371578903249572,8.224133002108102
1638.asc,205.16666666666666,141.4,382.6,76.16666666666667,0.21176048855639576,0.18816490534317543,819.2727272727273,29.45903445029727,33.50820794969495
1639.asc,222.22222222222223,173.0,416.7499999999999,101.55555555555556,0.6979721229111392,0.05978811359941766,1060.5,20.414455662593603,12.828539611796371
1640.asc,174.00000000000003,148.8,419.2,103.81818181818186,0.4253369417868123,0.21653648942406825,860.6,16.63850954863446,14.499042113954363
1641.asc,223.33333333333334,204.0,341.5,102.0,0.46668812832522416,-0.008881223569407034,1110.25,56.475105134917634,52.687759489277965
1642.asc,210.1818181818182,157.5999999999999,322.7999999999999,96.72727272727265,0.6367303786202974,0.0033179819616838855,910.2,53.3775233595565,55.92057860136205
1643.asc,173.84615384615384,165.50000000000009,360.0,85.53846153846153,0.9360144184772605,0.2345582565909478,726.0,13.808210118138652,14.547727095198193
1644.asc,177.06666666666666,148.14285714285714,401.2857142857143,92.4,0.24168161334745092,0.22069239343427696,671.4285714285714,9.116032076310752,6.861262498762388
1645.asc,249.0,229.71428571428572,423.7142857142857,135.25,1.0280525519982242,0.18338906714278583,1240.5714285714287,39.63712957337257,57.28292357529715
1646.asc,248.7499999999999,151.42857142857142,426.857142857143,94.5,0.758412837852365,0.21242171338547278,1114.25,14.60950033368698,16.852299546352718
1647.asc,186.7999999999999,204.22222222222223,445.3333333333333,93.99999999999991,0.62591411882829,0.16336293112403621,918.4444444444445,8.98283685840344,7.810249675906654
1648.asc,191.4666666666666,228.1428571428572,383.28571428571433,94.79999999999988,0.948406610626319,0.04571668053879875,620.4285714285714,31.768614983331954,19.454087962727485
1649.asc,203.63636363636363,143.60000000000008,342.6000000000001,67.27272727272727,0.6488365533658804,0.09796460190551709,900.6,91.31067845547966,102.95845980027306
1650.asc,186.36363636363637,189.59999999999997,386.59999999999997,103.63636363636364,0.8906918205619173,0.1467275030000139,868.2,28.361241157608035,35.207322470695715
1651.asc,225.8,251.77777777777777,469.3333333333333,130.4,0.7525618927616146,0.20743848589094643,964.2222222222222,26.22033891542034,19.493588689617926
1652.asc,186.46153846153845,128.16666666666666,359.8333333333333,85.84615384615384,0.9442155396665002,0.1838855343631494,771.0,39.644251369734135,45.37921029802885
1653.asc,178.2,145.9999999999999,415.7777777777777,99.4,0.58480041120892,0.14677328559052533,919.5555555555555,30.210782148509352,31.1688947510174
1654.asc,252.4,245.66666666666666,576.6666666666666,79.00000000000003,0.5414224560377523,0.029257436634236886,925.0,19.23018460649819,29.173808649388086
1655.asc,207.66666666666666,169.40000000000003,399.8,68.83333333333333,0.5540114412990697,0.1117256613426581,797.2727272727273,19.600978218125697,19.462785001124583
1656.asc,179.99999999999997,115.2727272727272,241.090909090909,55.83333333333329,0.2906773180386892,0.034823207498753735,792.5454545454545,74.52194751317913,104.6709128650362
1657.asc,178.57142857142858,109.00000000000011,247.5,101.14285714285714,0.3584541096699327,0.06311740679232508,640.0,262.9372548727167,390.77792237456896
1658.asc,194.39999999999995,132.14285714285714,353.57142857142856,107.8666666666666,0.8580781600639134,0.08577160637784383,635.8571428571429,9.811488476395873,5.053559294048259
1659.asc,142.14285714285714,148.99999999999991,279.8461538461539,69.14285714285714,0.28771678854584704,0.014055587596631827,724.6153846153846,98.32562735158541,136.98296731102496
1660.asc,172.0,128.76923076923077,375.99999999999994,88.57142857142858,0.31741759511889545,0.09287606020883987,696.9230769230769,32.95325719505302,30.41929212413289
1661.asc,196.0,145.5,355.5,52.36363636363637,0.49241907982012934,-0.055789447531251035,852.4,4.5431266766402185,7.916228058025278
1662.asc,181.27272727272728,162.2,413.8,81.81818181818181,0.5285137823230456,0.2177259501147482,894.2,15.058552387264852,22.25109235770485
1663.asc,171.63636363636363,142.2,413.8,71.4545454545455,0.23494153928616932,0.19943659182775858,897.4,11.456002793295749,18.0246744461277
1664.asc,252.44444444444446,160.0,451.9999999999999,79.33333333333333,0.32897787626154407,0.2831328753288668,1107.25,33.80735866642054,36.27671429443411
1665.asc,208.5000000000001,168.85714285714286,422.00000000000006,85.0,0.19709515902117009,0.10138955494971885,1095.25,25.941038915201528,33.54314918344515
1666.asc,194.54545454545453,133.6,345.6,80.9090909090909,0.4797283146572331,0.12989194331031786,844.4,6.740919818541086,11.527744310527055
1667.asc,221.85714285714292,144.6153846153846,362.7692307692308,90.00000000000013,0.9132632136769893,0.07592594302700417,694.0,4.835764198615911,7.14142842854285
1668.asc,165.0,138.30769230769232,339.8461538461539,59.857142857142854,0.2516391529973212,0.09537113689476831,724.3076923076923,38.788151671086,44.29070632386287
1669.asc,202.0,207.11111111111111,535.3333333333334,81.4,1.093643785798901,0.29767350052488817,1001.1111111111111,35.55416663953887,64.80354928551368
1670.asc,241.7777777777777,179.71428571428584,478.5,89.33333333333333,0.5447832408168212,0.185289377499375,1052.5,13.481468762712764,12.467099559583673
1671.asc,219.83333333333334,204.2,374.2,86.16666666666667,0.6276844184383512,0.03945720043971822,822.7272727272727,253.1492879379104,465.567180973917
1672.asc,194.15384615384616,184.33333333333326,449.83333333333326,93.38461538461537,0.28297653395441796,0.1825089798219919,748.0,6.0,4.348458452036872
1673.asc,243.63636363636363,144.8,394.6,116.54545454545455,0.9334827855937905,0.13746789455152308,891.2,7.332121111929345,6.599663291074443
1674.asc,173.0,184.0,309.0,102.14285714285714,1.6386975120215068,-0.1443132563630135,645.8571428571429,4.626895640200471,2.3533936216582085
1675.asc,195.27272727272737,160.0,211.2,48.90909090909099,0.24420899592632084,-0.013339828447540747,869.8,121.27472943692763,159.6329122288592
1676.asc,183.62499999999994,195.25,305.3333333333333,66.62499999999994,0.45262394664200656,-0.05580729467732107,583.8666666666667,4.4701478971307225,4.242640687119285
1677.asc,246.88888888888889,180.75,447.25,76.22222222222223,0.3717176633005236,0.24662551899100815,1103.5,68.66403716648185,90.44651142289253
1678.asc,209.0,118.22222222222223,369.55555555555554,51.8,0.46616227249822,0.19578123426823096,937.7777777777778,103.50070077892417,167.49328344742662
1679.asc,192.39999999999998,127.55555555555556,251.55555555555554,67.0,0.4124993935481859,0.02659938870811618,950.6666666666666,9.38083151964686,11.40175425099138
1680.asc,216.83333333333334,195.6,416.72727272727275,89.33333333333333,0.44468127695312903,0.06358790589455947,821.2727272727273,53.67425472081295,60.39205245725633
1681.asc,204.75,224.53333333333336,293.2,91.0,0.1582336894678516,-0.0003164735173772635,626.6666666666666,59.67765261990641,69.92853494818836
1682.asc,173.00000000000003,132.88888888888894,411.27272727272737,99.50000000000007,0.3194522189843327,0.1675808152023636,850.0,43.99173476089261,46.74612283387789
1683.asc,161.46666666666667,148.85714285714286,234.71428571428572,47.6,0.7102317120769467,-0.03550832355384185,666.1428571428571,19.747900947613008,35.7211421989835
1684.asc,183.27272727272728,202.85714285714286,380.80000000000007,105.63636363636364,0.3597344291222751,0.23945025359601987,864.6,9.92169340384997,14.636332266733433
1685.asc,205.81818181818187,95.0,364.6000000000001,86.54545454545459,0.6020726586735429,0.22673693907837233,873.8,10.33247308247159,14.236104336041748
1686.asc,181.8181818181818,153.0,416.2,83.27272727272727,0.5522271553932148,0.29936568365900956,878.0,15.257784898208522,13.114877048604
1687.asc,253.8000000000001,178.25,420.44444444444446,111.0,0.39511383717731274,0.1535890141515289,983.5555555555555,103.02007475472504,120.16030958681823
1688.asc,176.76923076923083,146.49999999999986,408.33333333333326,80.76923076923075,0.3349269877040266,0.29144607593377253,769.0,37.89898855290644,25.84569596664017
1689.asc,222.0,198.0,440.25,86.66666666666667,0.5529591184621913,0.12134487628782137,1069.25,41.36348026943574,42.42640687119285
1690.asc,193.53846153846155,113.83333333333326,236.66666666666666,69.07692307692308,0.3167780474746747,0.009886993731861774,711.6666666666666,12.723556455994876,10.233634385069301
1691.asc,141.1764705882353,158.375,360.375,87.05882352941182,0.6162862747036659,0.08879586925578312,599.0,10.723805294763608,10.807404868885037
1692.asc,196.0,143.7999999999999,428.8,70.72727272727273,0.5374861375293397,0.20193985644667437,887.6,58.643328691335384,42.77590183476881
1693.asc,168.5,133.27272727272737,258.54545454545445,58.833333333333336,0.37217054028023355,0.025236669387168186,807.2727272727273,28.377618931093345,19.56527536223296
1694.asc,191.2,97.11111111111111,370.8888888888889,70.40000000000009,0.5999185756239579,0.2627433970833914,949.7777777777778,8.07984842786571,10.583005244258363
1695.asc,192.8333333333334,148.72727272727272,354.0,78.83333333333341,0.5666265194485365,0.2793870152794741,816.0,22.579153700220516,19.62651268055535
1696.asc,164.6,147.55555555555554,440.66666666666674,91.0,0.7281328171971699,0.1360437510617698,988.0,29.24228293261508,22.147234590350102
1697.asc,252.1818181818182,271.8,566.0,63.27272727272727,0.6858329619948534,0.006456651299387543,888.0,13.236313686219438,19.922070396645246
1698.asc,222.6,159.77777777777777,469.1111111111111,107.2,0.2679900870779342,0.2221134251434601,1003.3333333333334,267.93697434699493,296.7296749568536
1699.asc,175.0,149.99999999999997,387.0769230769231,76.71428571428571,0.6446798497534568,0.08180359660279155,713.2307692307693,57.76631151079434,59.177698502053964
1700.asc,227.33333333333334,216.0,319.8333333333333,90.66666666666667,0.6074485242039989,-0.028833546354482414,784.0,46.55462741053067,56.58139752122199
1701.asc,184.57142857142853,144.83333333333334,377.5384615384615,70.85714285714286,0.6214226267754351,0.06131207984994623,713.5384615384615,11.317891789384321,12.529964086141668
1702.asc,177.07692307692307,153.69230769230768,398.7692307692308,79.38461538461539,0.3403092423864328,0.17270780054899038,720.4615384615385,8.307692307692307,4.654746681256314
1703.asc,189.71428571428572,181.63636363636354,351.0,89.0,0.5551048182259662,0.11490491643040572,688.1538461538462,8.856515670538004,8.812869377601524
1704.asc,267.4999999999999,328.5,567.0,90.49999999999989,0.5938207856209905,0.009145278332936553,1185.142857142857,168.2340449420123,210.730475568517
1705.asc,193.6,127.77777777777777,420.44444444444446,120.0,0.5797633548078335,0.14487364671781106,964.6666666666666,13.432961119739922,19.44222209522358
1706.asc,180.0,116.85714285714286,248.85714285714286,71.33333333333333,0.5538687131750005,-0.030713359730299573,648.7142857142857,9.05876506427868,13.485034439932063
1707.asc,221.77777777777777,162.2499999999999,485.5,98.0,0.36535008246496675,0.23384684084114823,1045.25,16.761190291861734,22.398979568593873
1708.asc,180.13333333333333,147.23076923076923,285.8461538461538,66.00000000000006,0.5973422884348818,-0.025829523788611454,627.2857142857143,7.034898429854361,4.9923017660270625
1709.asc,256.6666666666667,162.75,477.75,69.33333333333333,0.8549831082106417,0.15106954915158471,1093.5,161.92204914711277,279.3165127336984
1710.asc,202.6153846153846,153.5,354.8333333333333,108.92307692307692,0.2652627639547728,0.048074734356551956,757.8333333333334,19.9241617696259,16.39290312077982
1711.asc,241.5,189.99999999999997,450.1818181818182,122.6666666666667,0.9038434861961452,0.23845853948688964,803.4545454545455,15.089813760906493,21.484878403193257
1712.asc,157.06666666666666,135.14285714285714,361.2857142857143,70.93333333333334,0.5431261462721603,0.19074480691589324,605.7142857142857,79.67741082589448,119.15213287738818
1713.asc,189.27272727272728,143.0,265.4,48.54545454545455,0.41079866029427575,0.03745508841077209,899.2,52.07840243325442,47.01772715334788
1714.asc,179.71428571428564,172.16666666666666,360.4615384615385,96.71428571428571,0.7572065769557367,0.06618032038782473,704.6153846153846,19.836014106198398,13.723459233492601
1715.asc,243.11111111111111,126.25,425.5,88.88888888888889,0.3310111181350906,0.2071930158903635,1093.0,25.92296279363144,33.52610922848042
1716.asc,163.25,153.28571428571428,398.0,80.875,0.4408088825838752,0.08419415196721851,594.6666666666666,28.375263092270277,16.86077442722351
1717.asc,153.0909090909091,144.8,353.2,77.27272727272727,0.4559088670798475,0.07018102435013855,856.8,13.977124167724918,8.640987597877148
1718.asc,154.25,140.6666666666666,368.8,70.5,0.4772331949051448,0.0857436737259643,614.8,25.941472587345537,29.650343288786
1719.asc,195.8181818181818,143.99999999999997,379.79999999999984,85.27272727272727,0.4513069232052223,0.10502853498094188,844.8,12.432216214336043,15.91644851508443
1720.asc,158.85714285714286,154.85714285714286,394.00000000000006,79.71428571428571,0.364500976351105,0.287104825571866,671.1428571428571,9.46314009238811,6.324555320336759
1721.asc,240.88888888888889,170.0,419.75,90.66666666666667,0.3211814678223868,0.32025710395876167,1054.2222222222222,96.04371432701046,119.90829829498874
1722.asc,207.81818181818187,175.6,469.2,80.72727272727276,0.28798368470334296,0.2992007376200425,929.2,171.04198315033653,261.96182928052707
1723.asc,213.4,215.1111111111112,478.0000000000001,117.6,0.5222501387293623,0.10767375460284001,973.7777777777778,227.51887725235645,413.7620088891681
1724.asc,183.0909090909091,230.39999999999995,440.8,90.72727272727276,0.9062145921284658,0.2726431202754989,906.0,14.778362561528933,18.93849694845572
1725.asc,167.125,188.26666666666662,280.93333333333334,80.75,0.2557380830492283,-0.028100444832394912,587.7333333333333,4.781445620544296,4.566962103755937
1726.asc,219.63636363636363,167.4,473.8,101.63636363636364,0.18492073033525955,0.13007847952304954,931.0,202.60355376942428,246.2555131926548
1727.asc,191.45454545454547,166.66666666666666,393.09090909090907,94.54545454545456,0.46790555962825636,0.13912074748271483,857.0909090909091,66.13134938817464,82.37718130647589
1728.asc,166.72727272727272,130.8,355.6,84.9090909090909,0.45574880186331884,0.11636203668296016,866.9090909090909,57.552275913380846,60.04664853262003
1729.asc,244.22222222222223,171.77777777777777,276.6666666666667,112.44444444444444,0.3002404818463424,-0.02934605358522014,1009.7777777777778,19.423798563033028,20.074859899884732
1730.asc,199.6363636363636,150.2,342.7999999999999,84.18181818181819,0.1335146526803264,0.07732140684001866,880.8,59.4925205382996,52.28979080300687
1731.asc,201.53846153846155,175.33333333333326,346.6666666666667,97.38461538461532,0.4019901491110985,-0.000993325755720222,757.1666666666666,33.48092325821112,16.700571574323167
1732.asc,168.0,191.33333333333334,443.1111111111111,58.0,0.47162989674510586,0.14889233545218586,927.4,48.97387058422073,50.79370039680118
1733.asc,213.6,199.77777777777777,433.1111111111111,92.79999999999991,0.3621127420115552,0.25922523119987523,980.4444444444445,105.23952691214151,139.47221945606228
1734.asc,165.45454545454547,186.0,373.2,76.18181818181826,0.1699202482571116,0.26688398899829835,784.3636363636364,76.40475083666738,142.04506327218837
1735.asc,176.15384615384616,125.33333333333333,364.6666666666667,84.15384615384616,0.37257168770191157,0.10485313378298296,735.3333333333334,71.76504875092208,100.7408917606315
1736.asc,186.3636363636363,160.4,399.0,81.0909090909091,0.46561366123089754,0.3246081027414754,899.4,39.59848481949783,43.11225657126598
1737.asc,231.45454545454547,136.0,392.4,103.09090909090914,0.4921460882673591,0.1496071804617502,917.2,13.5705563629499,20.912516188477497
1738.asc,212.16666666666674,224.1818181818182,391.6363636363636,90.0,0.9237708311303582,0.03842507707981092,839.2727272727273,20.507607941226944,19.879637823662684
1739.asc,246.0,172.33333333333334,448.2857142857143,59.25,0.35777974104380944,0.22089111065929012,1116.75,35.184336003397874,42.473521163190604
1740.asc,245.55555555555554,171.75,439.7499999999999,116.88888888888889,1.0884692479524507,0.07626767091006495,1063.0,23.62202362203543,17.7924542593603
1741.asc,202.42857142857153,125.84615384615388,237.84615384615387,97.00000000000007,0.15961337119170832,0.02282160956100299,702.1538461538462,21.461400606119152,15.470401847829724
1742.asc,157.22222222222229,144.6666666666667,299.11111111111114,57.55555555555556,0.7384868333314771,0.010498331437474228,536.8235294117648,80.15003232476516,106.3308515906837
1743.asc,196.80000000000007,199.00000000000009,308.8333333333333,73.6,0.5847255424067652,-0.0035551198837088177,651.1428571428571,131.95608422223398,251.87787028332113
1744.asc,228.36363636363637,110.8,359.4,102.18181818181819,0.2881687095743376,0.12231135517887473,904.4,183.2174664162781,202.48895717489825
1745.asc,155.69230769230768,143.8333333333334,239.3333333333334,80.3076923076923,0.39027185908164747,0.009396623667190695,725.6666666666666,12.957194483717874,15.562191946567753
1746.asc,276.75,158.0,404.2857142857143,66.5,0.36060821854230524,0.27896929382491653,1173.25,18.355857375780626,21.3942582417406
1747.asc,162.71428571428572,149.5384615384615,393.2307692307692,74.71428571428575,0.33444989337691045,0.1243197720171988,721.6923076923077,26.519614266206858,11.343133018115703
1748.asc,178.875,195.14285714285714,322.0,105.125,0.8171978309882754,-0.038553886563565384,576.4,2.3323807579381204,1.5118578920369088
1749.asc,222.44444444444434,179.5,386.9999999999999,97.11111111111121,0.1439292242347977,0.05436822724585637,1052.75,23.301019291009567,31.991070182608325
1750.asc,153.12499999999994,156.25,213.0,57.87499999999994,0.4824911260106802,-0.05777446638895603,466.5,109.86332418054717,135.2922762023021
1751.asc,173.22222222222223,207.77777777777789,367.2000000000001,87.22222222222229,0.3801454265962764,0.042698034165170755,541.8823529411765,10.6598882730111,13.143439428094915
1752.asc,157.2000000000001,182.0000000000001,362.22222222222234,79.8,0.8582227850854296,-0.038441298610512056,896.4,140.02228394080709,160.02916400873102
1753.asc,186.54545454545448,196.22222222222223,450.0,77.09090909090901,0.6251191243643706,0.2893692088872221,856.8,7.6000000000000005,11.175369742826806
1754.asc,175.53846153846155,144.66666666666666,318.83333333333326,93.38461538461539,0.36063046285459105,0.03730390157264748,744.5,12.757350822173073,17.341489922358825
1755.asc,186.19999999999987,143.9999999999999,387.11111111111103,58.59999999999991,0.7323433127461982,0.19188995590498958,880.2,20.735476845252435,20.95497819400228
1756.asc,162.99999999999991,166.90909090909082,379.45454545454544,76.33333333333333,0.5978440865812311,0.1217169050731916,784.0,10.82085528463019,11.50651989091402
1757.asc,201.33333333333334,161.25,444.5,104.66666666666667,0.4026940604983036,0.21784706061791018,1007.5,14.857657958103626,14.793821103999564
1758.asc,158.15384615384608,122.83333333333333,371.6666666666667,69.076923076923,0.3707418902863639,0.13168378268027817,767.0,27.31910198621714,31.28171118314109
1759.asc,205.0,161.11111111111106,410.88888888888886,113.00000000000003,0.5794970389582595,0.34592405631781525,954.8888888888889,21.727833887253894,37.795502377928514
1760.asc,218.6,115.11111111111121,314.44444444444446,56.0,0.5384136383629778,0.06721586566268671,987.5555555555555,283.9511347284604,419.0829273544796
1761.asc,207.66666666666666,180.9090909090909,233.0909090909091,87.66666666666667,0.534308344183447,-0.008968643423347208,818.5454545454545,18.4704365079277,11.242775458044157
1762.asc,202.99999999999997,141.27272727272728,400.0,94.83333333333319,0.5380512516436203,0.1927151769831107,844.0,44.411300773154984,48.41074260946634
1763.asc,214.2222222222221,173.42857142857142,419.25,120.22222222222223,0.6519580055709677,0.4565763879863014,1147.25,169.9203857693361,86.07637804382139
1764.asc,179.6363636363636,163.14285714285714,506.0000000000001,110.5454545454545,0.81846196774009,0.05661750001479391,844.0,115.52662030891408,203.90193721492693
1765.asc,178.2,107.55555555555556,345.1111111111111,88.0,0.6234217051551745,0.08605922392158008,929.5555555555555,23.716431767921353,30.72458299147443
1766.asc,184.1999999999999,192.25,430.22222222222223,96.59999999999991,1.0553851143231134,0.3280827640629915,948.0,20.06655592438988,18.973665961010276
1767.asc,186.15384615384616,171.0,448.6,76.3076923076923,0.122780629442545,0.08716627745649043,740.6666666666666,291.77198098667543,380.9910521497609
1768.asc,157.53846153846155,131.50000000000003,211.83333333333326,53.69230769230769,0.35421614169327087,-0.014769054108302312,724.1666666666666,21.34569954086511,25.915948055904952
1769.asc,162.5,132.90909090909088,389.6363636363636,88.66666666666667,0.3260931985252579,0.22579391070543275,785.2727272727273,44.84537253738148,53.482707485691115
1770.asc,267.0,186.4999999999999,415.77777777777777,113.2,0.6199299150242384,0.22303853322715167,953.8,17.191858538273284,14.666666666666666
1771.asc,209.57142857142864,194.00000000000009,310.72727272727275,112.14285714285714,0.7307362358503449,-0.025412286819967742,697.0769230769231,147.66618358699438,199.8466078437827
1772.asc,160.12499999999994,125.57142857142857,333.2,76.87499999999994,0.49297376863419345,0.18508491372572208,618.1333333333333,51.18055186190248,54.71484520415173
1773.asc,188.0,176.54545454545453,407.8181818181818,81.33333333333333,0.18208146069289097,0.24232056172382413,768.0,3.411211461689767,4.47213595499958
1774.asc,240.46153846153842,198.18181818181813,427.6363636363636,100.15384615384616,0.48214596973916723,0.18393306354830258,741.8333333333334,124.79972845412054,171.66351865310125
1775.asc,146.25,117.06666666666666,352.13333333333327,63.5,0.34337772435014363,0.12378862239378678,597.7333333333333,45.75801083477685,14.212670403551895
1776.asc,168.72727272727272,116.3999999999999,391.6,82.72727272727273,0.7662771249532825,0.11513905318363557,910.2,18.44884820253015,19.595917942265423
1777.asc,148.15384615384616,194.33333333333326,395.8333333333333,96.61538461538461,0.49554329926405594,0.07652502078791198,724.8333333333334,8.542378019159665,9.515537533185109
1778.asc,218.66666666666666,182.0,368.75,104.0,0.6184887908126233,0.07063833242094496,1068.75,10.905847055593618,12.783918469255482
1779.asc,197.84615384615392,168.76923076923075,332.0,80.15384615384622,0.7770818381428063,-0.002068508221801576,728.3076923076923,10.432085235793652,13.279056191361393
1780.asc,181.00000000000009,139.45454545454547,192.9090909090909,66.50000000000007,0.4529440993610989,-0.020519991422022734,828.5454545454545,13.620596945693121,15.28397853963424
1781.asc,251.45454545454547,163.2,414.6,119.27272727272727,0.6085990543682706,0.10183474714048461,939.6,51.199999999999996,68.87347497807524
1782.asc,227.1111111111112,181.0,429.75,61.55555555555566,0.7251389086390971,0.20636473041894293,1036.0,29.393876913398138,31.829905075932242
1783.asc,189.09090909090918,164.1999999999999,456.0,76.0,0.4131609996693054,0.242314382754947,925.2,44.40900809520519,42.079290234825336
1784.asc,254.8,287.75,560.5,82.0,0.6436616875810314,0.01705910215161405,940.8888888888889,14.30186036418141,13.30413469565007
1785.asc,,,,,,,,,
1786.asc,270.25,213.5,526.0,59.75,0.7332857524570571,-0.003413817254316845,1160.0,179.15675498608155,187.16481150757656
1787.asc,,,,,,,,,
1788.asc,200.36363636363632,151.33333333333334,349.3333333333333,78.9090909090909,0.7226376823954551,-0.013682118046597502,815.6363636363636,93.63689320238599,123.04145642831119
1789.asc,215.6,125.77777777777773,382.6666666666667,96.8,0.4876219084547905,0.09311650198269751,965.3333333333334,20.417857108151406,19.849433241279208
1790.asc,182.46153846153845,164.5,403.0,104.76923076923077,0.9071281767300626,0.07811438510241604,746.3333333333334,8.634555897992412,8.964576753178946
1791.asc,153.2,129.3333333333333,404.22222222222223,78.6,0.7239962626014362,0.16743478545701754,893.8,24.206610667336307,34.55752048718516
1792.asc,,,,,,,,,
1793.asc,176.625,164.1428571428571,374.57142857142856,91.0,0.827158776248189,0.059433822863349514,576.0,60.778285596090974,108.32174296972885
1794.asc,184.30769230769232,164.6666666666666,283.0,83.23076923076923,0.2791179621696994,-0.0030099441447275356,755.6666666666666,16.967288790165885,18.340219092574557
1795.asc,186.54545454545453,176.72727272727272,422.3636363636364,94.36363636363636,0.3791809857902885,0.14568957252869266,860.0,70.52530171376924,66.20271897739548
1796.asc,169.45454545454538,129.2,229.0,99.63636363636364,0.304180986215807,-0.03320319646672611,854.3636363636364,12.411671393364372,18.01110768387108
1797.asc,245.71428571428572,195.66666666666666,464.3333333333333,87.99999999999993,0.4830373790216195,0.016469212599979636,1269.4285714285713,5.728553615932406,8.48528137423857
1798.asc,173.23076923076923,151.5,279.5,85.6923076923077,0.3789771940351106,0.01750597913384089,743.6666666666666,77.29956159139729,87.6708721194321
1799.asc,200.4,213.55555555555554,284.22222222222223,100.0,0.895338735140497,-0.04136482719140077,954.0,8.993825042154693,7.280109889280518
1800.asc,168.62499999999997,108.8,321.6,86.87499999999997,0.7608565544538264,0.06310860891127726,598.1333333333333,24.358069618825617,20.2837021134844
1801.asc,165.9999999999999,130.88888888888889,333.77777777777777,87.11111111111101,0.7721310883255407,-0.013460221762712315,979.7777777777778,16.50439522455746,21.130546609115438
1802.asc,,,,,,,,,
1803.asc,170.36363636363637,122.8,425.6000000000001,84.0,0.6023934156902946,0.11116714111141235,877.6,21.443880245888337,22.627416997969522
1804.asc,169.73333333333338,168.76923076923077,318.0,62.13333333333336,0.5538760693054148,-0.006821449082621558,655.1428571428571,86.0056951128048,82.10499844242597
1805.asc,176.6153846153846,178.66666666666666,417.33333333333326,93.84615384615384,0.793625424226027,0.18276697443304446,706.3333333333334,7.156970184527962,7.135060680126758
1806.asc,123.78947368421048,107.33333333333333,297.1111111111111,46.94736842105258,0.18979629361584485,0.14168801896049266,504.3333333333333,2.3333333333333335,3.395498750508662
1807.asc,154.94736842105263,160.4,320.6,80.21052631578948,0.4013836615396971,0.0008084586317826534,509.1111111111111,22.333056935824203,24.131989996195312
1808.asc,203.0909090909091,128.36363636363646,390.54545454545456,115.45454545454545,0.8561733428356412,0.4592283754584514,851.0909090909091,23.422811513000607,24.108089928486663
1809.asc,171.71428571428578,178.76923076923075,388.0,92.42857142857143,1.1891635900956294,0.3915548876031198,676.1538461538462,26.164703628673713,11.916375287812984
1810.asc,145.375,123.46666666666667,196.8,54.125,0.2033136813426702,0.030650614408949686,588.1333333333333,20.41524484845142,25.85122268454075
1811.asc,226.66666666666669,169.0,446.2499999999999,73.33333333333336,0.19203809565996557,0.19770541496148963,1070.0,31.144823004794873,25.911938781738648
1812.asc,205.2000000000001,185.33333333333334,437.77777777777777,80.40000000000009,0.4660148857521384,0.1879248806002404,928.6666666666666,13.759844960366863,19.235384061671343
1813.asc,164.49999999999997,164.18181818181813,322.72727272727263,76.66666666666667,0.5347115663051376,0.02082533846442314,827.2727272727273,20.911462316116182,12.489995996796797
1814.asc,205.85714285714286,171.0,396.99999999999994,108.57142857142857,0.8343884737124961,0.0831758932719305,673.7142857142857,7.629159955896394,5.4065487356324855
1815.asc,196.15384615384616,147.50000000000003,371.3333333333333,78.61538461538461,0.2072507199821373,0.12478698408946132,767.8333333333334,92.31994487770355,136.85692595487515
1816.asc,216.33333333333334,205.8181818181818,429.8181818181818,118.83333333333333,0.818299139849925,0.2301333964149943,778.3636363636364,14.618000903448566,18.04438970982394
1817.asc,163.4545454545455,116.2,218.60000000000008,68.54545454545459,0.48374483022980264,-0.0028158436166585113,887.8,20.26721490486544,28.26069119230219
1818.asc,201.16666666666666,167.09090909090907,319.09090909090907,81.5,0.3882529158713066,0.02992450946951646,791.2727272727273,62.63471432054695,77.9307384797552
1819.asc,171.45454545454547,136.6,437.0,95.27272727272727,0.2937465216042287,0.17108909985328793,880.8,8.772684879784522,12.771496040445344
1820.asc,199.4545454545455,159.8,414.0,90.54545454545459,0.681453174725724,0.22141493602987639,822.4,11.959933110180843,13.695092389449425
1821.asc,174.8,187.77777777777777,418.8888888888889,89.0,0.5238576291496538,0.22621647275974532,921.7777777777778,61.53910730905236,60.261928279802
1822.asc,178.4,149.111111111111,456.8888888888889,96.0,0.6016226101699206,0.31084116716884536,948.2,47.19703380510263,59.75877434411713
1823.asc,194.6,177.11111111111111,409.4,59.4,0.4755186246235566,0.2798597023414616,896.4,106.83370254746391,93.16174703767159
1824.asc,160.8333333333333,115.2727272727272,337.27272727272725,65.5,0.5951189673201932,0.15594352523277402,785.2727272727273,55.59118783844483,110.17622248017037
1825.asc,287.75,192.85714285714297,466.5714285714287,77.75,0.7414812304193825,0.23010903596565185,1208.2857142857142,23.529399759900897,30.767948691238203
1826.asc,212.8571428571428,122.15384615384622,351.5384615384616,79.28571428571433,0.43874334341266474,0.09101760301387296,651.8461538461538,9.90606771200323,7.393691004272944
1827.asc,216.30769230769226,184.0,422.6666666666667,97.38461538461539,0.6697993285677252,0.14079820214425748,737.1666666666666,44.87358787626513,38.93117470146982
1828.asc,246.88888888888889,172.9999999999999,459.75,108.88888888888886,0.6450428991614057,0.04951750983866033,1099.0,100.4937809021036,96.37723501206823
1829.asc,175.45454545454547,143.8181818181818,277.63636363636357,65.81818181818181,0.2652879259283642,-0.006631525210090586,826.3636363636364,23.982086978988477,14.352700094407323
1830.asc,157.5999999999999,148.44444444444446,408.0,75.8,0.27903156889580816,0.21718572646252174,863.5555555555555,213.12652012419036,271.01291482141585
1831.asc,168.8,126.4444444444445,220.44444444444446,96.2,0.37858588295216977,-0.022218293737449817,963.3333333333334,3.8873012632302,3.7416573867739413
1832.asc,154.46153846153845,201.45454545454547,421.6363636363636,81.69230769230765,0.9909983950978041,0.1307491136826984,733.0,5.066228051190222,6.0
1833.asc,199.2,136.8888888888888,427.3333333333333,78.0,0.32083499569355284,0.19217610835628263,940.4,53.85758999435456,55.725517793317394
1834.asc,153.88888888888889,126.94117647058823,220.70588235294116,86.22222222222223,0.6742224288182421,-0.05306567411647786,521.2941176470588,2.561357771420852,2.449489742783178
1835.asc,272.40000000000003,125.55555555555553,311.77777777777777,51.4,0.3407622232955979,0.039354429803222415,988.2222222222222,261.1112056737417,338.99631266431203
1836.asc,171.19999999999996,183.23076923076923,328.3076923076923,87.06666666666666,0.31196783475419687,0.017389261295315026,622.8571428571429,3.602720060833855,3.5948681370916686
1837.asc,155.73333333333332,177.42857142857142,392.0,75.46666666666667,0.9630406882129318,0.16424046753286742,633.8571428571429,7.836336086801416,4.076197322920545
1838.asc,184.28571428571436,123.38461538461532,281.3846153846153,100.28571428571433,1.0257574769443871,0.0039247040523941205,664.7692307692307,15.343020694233214,8.524474568362947
1839.asc,168.42857142857142,161.5,364.46153846153845,90.99999999999999,0.8864542421286224,0.022795545029071423,653.6923076923077,6.965680875490321,7.118052168020874
1840.asc,159.09090909090907,159.8181818181818,381.4545454545454,94.9090909090909,0.3887127952436224,0.07652484188629054,845.6363636363636,30.484788240195908,31.68595903550972
1841.asc,187.2,138.66666666666666,370.22222222222223,102.6,0.4752323911503688,0.12987488324166638,927.1111111111111,17.59068215747849,25.66125484071268
1842.asc,175.07692307692307,187.77777777777777,343.6,84.15384615384616,0.9776710431146243,-0.07280306491864581,727.5,16.474728121175982,15.48019262271512
1843.asc,175.23076923076923,167.16666666666666,342.6666666666667,79.84615384615384,0.2570393755411651,0.03894292888651138,748.1666666666666,31.648679101802795,33.86067711292045
1844.asc,204.6,115.55555555555556,381.77777777777777,94.99999999999991,0.9158346960715613,0.27899396353130906,951.7777777777778,22.119763801118758,23.874672772626646
1845.asc,134.3,182.28571428571428,231.14285714285714,47.9,0.3582131354659805,-0.023479218844468932,362.3076923076923,40.866357454483676,44.072667266685826
1846.asc,162.0,165.14285714285714,275.71428571428567,75.73333333333333,0.3321682835117205,0.007521873918152809,662.4285714285714,14.003643840669703,7.442084075352508
1847.asc,157.66666666666666,119.27272727272727,359.6363636363636,79.0,0.4114229553727861,0.10851020160269213,832.1818181818181,39.91312880794575,30.086541841826886
1848.asc,218.6153846153846,180.0,465.50000000000006,116.76923076923077,0.5408628148074694,0.16011399783699531,730.8333333333334,5.063485843654437,4.861724348043977
1849.asc,238.4,240.44444444444446,487.3333333333333,91.4,0.7431945992491591,0.11268786275838008,933.1111111111111,27.016227405207346,15.524174696260024
1850.asc,175.7333333333333,125.6923076923077,243.38461538461536,82.13333333333334,0.7167555845488176,0.03176073059165662,667.0,73.05868482645597,104.96153141471916
1851.asc,212.28571428571428,185.0,295.27272727272737,74.57142857142857,0.4180898161428665,-0.020085213103964352,670.9230769230769,147.46809904751058,241.9793379609094
1852.asc,162.92307692307693,160.16666666666674,368.1666666666667,65.38461538461546,0.21570325459091572,0.16754570158912196,722.3333333333334,20.146684315015435,16.81990163196833
1853.asc,260.25,208.5714285714285,442.74999999999994,71.25,0.7644671352852149,0.30026168297158873,1152.5,140.62272220377474,160.61311101081202
1854.asc,232.8,150.88888888888889,432.8888888888889,100.8,0.5461374173491075,0.2255225437147649,993.7777777777778,247.34760865262643,328.34204726169327
1855.asc,264.44444444444446,239.55555555555554,472.22222222222223,102.66666666666667,0.670347471000359,0.10660071089913832,1046.2222222222222,131.97455796712217,153.10453944935793
1856.asc,230.6,186.0,464.44444444444446,110.8,0.5311626462898241,0.14544924443792528,998.2222222222222,22.7731702657012,33.406586176980134
1857.asc,184.16666666666666,142.1818181818182,366.3636363636364,112.66666666666667,0.4097094522600276,0.08436434250358338,808.5454545454545,17.16425268539047,9.20869154657707
1858.asc,172.33333333333334,270.8,438.72727272727275,94.83333333333333,0.5778424110554379,0.06331619637288738,808.1818181818181,16.743075539231036,13.92838827718412
1859.asc,160.0,140.33333333333334,292.3333333333333,82.0,0.8025214781982591,-0.016228229321029186,746.3333333333334,30.274668545758775,34.26103007526454
1860.asc,190.30769230769232,156.66666666666666,367.5,85.23076923076923,0.61895375578948,0.0551107885416686,753.0,17.99073835801818,13.389276577647028
1861.asc,196.8,110.44444444444444,377.1111111111111,96.8,0.5058442380758938,0.1017982163249522,925.5555555555555,8.883331596136305,13.92838827718412
1862.asc,236.4,198.44444444444446,490.44444444444434,115.0,0.8922601916001435,0.257407081630739,1025.7777777777778,10.086049527031305,14.089002803605371
1863.asc,165.87500000000006,142.26666666666668,359.19999999999993,80.50000000000006,0.7166442862770296,0.1708126904448856,581.7333333333333,2.048305532764962,3.251373336211726
1864.asc,162.0,165.0,333.85714285714283,59.5,0.406216644390166,0.034019126747699635,596.2666666666667,54.74238658378797,87.57853618324526
1865.asc,146.40000000000006,137.84615384615384,344.42857142857144,87.73333333333339,0.7707286741732773,0.12165907714673051,648.4285714285714,19.14125792893562,9.813648266964346
1866.asc,180.9090909090909,133.8,353.4,80.36363636363636,0.5665780286622196,0.28467287947695197,838.6,8.248636250920512,10.954451150103322
1867.asc,202.44444444444449,126.25,414.25,73.33333333333333,0.7442773477524045,0.23264555726842312,995.0,15.588457268119896,16.01784718903975
1868.asc,188.33333333333346,168.00000000000009,294.18181818181824,82.33333333333337,0.9138521760205155,-0.037980571798024235,806.5454545454545,3.627261335138182,4.47213595499958
1869.asc,192.6,178.59999999999997,412.4,77.2,0.398225127557768,0.06285674823190388,904.0,42.69894612282603,35.37733109712427
1870.asc,168.14285714285708,183.69230769230768,413.2307692307692,110.14285714285708,0.5146000367732146,0.13765707650818507,702.7692307692307,6.20364466266337,6.557438524302
1871.asc,277.25,139.71428571428572,436.2857142857143,98.5,0.4426359798260481,0.09192651660832876,1211.142857142857,13.516429911445567,17.339742404853272
1872.asc,180.66666666666666,166.909090909091,460.72727272727275,93.5,0.31116356508788123,0.2782495442411865,858.3636363636364,56.580229003156106,77.31235347601313
1873.asc,197.5,137.0909090909091,357.45454545454544,88.5,0.8927367266788174,0.06887324031418746,765.6363636363636,5.381326758890452,8.270429251254134
1874.asc,169.23076923076917,163.99999999999997,422.0,80.7692307692307,0.5814728873858603,0.18692086984681303,781.1666666666666,23.515361409559972,10.215852209367378
1875.asc,243.2,182.66666666666666,328.2222222222223,75.2,0.17777044236465397,0.017778460205516714,1014.0,46.475800154489,47.090338711884414
1876.asc,193.99999999999994,138.50000000000003,334.88888888888897,83.14285714285714,0.6155788013867711,0.031029592605181486,674.3076923076923,68.43681489619526,99.02861539306033
1877.asc,252.88888888888874,220.57142857142858,474.0,125.9999999999999,0.43996150362759706,0.14431785685013726,1062.25,360.77200210104996,467.0331893987835
1878.asc,211.9999999999999,188.22222222222211,430.8888888888888,84.66666666666667,0.6579179333255591,0.2676492074698698,972.6666666666666,33.78362522485314,30.76524012583032
1879.asc,146.93333333333334,164.71428571428572,345.0,69.33333333333333,0.7392218696424667,0.07607422000530004,617.8571428571429,11.400859258702157,13.358949751441482
1880.asc,227.55555555555554,211.14285714285714,476.0,70.66666666666667,0.3792771971228579,0.217036384885488,1119.75,64.67949829737395,79.32933163176693
1881.asc,179.05263157894737,207.53846153846155,290.61538461538464,65.57894736842105,0.6446702222203776,-0.10301725972265056,504.8888888888889,1.3698697784375504,2.0
1882.asc,240.6,172.88888888888889,371.77777777777777,81.2,0.6211301393413667,0.03372732687834901,1017.1111111111111,13.987648872761081,23.22713929867387
1883.asc,200.7272727272728,119.3999999999999,387.2,58.36363636363637,0.25852572120976214,0.2461282887087116,917.8,72.83652929677525,86.98914363937095
1884.asc,169.4,129.55555555555554,402.44444444444457,79.2,0.7237051033284205,0.19066712611711065,982.2222222222222,9.354473413266307,10.793516572461451
1885.asc,176.36363636363637,182.6,368.8,103.45454545454545,0.7089528931168565,0.4065067807089003,872.4,63.93621821784582,77.92874237974644
1886.asc,211.27272727272722,174.7999999999999,440.5999999999999,107.09090909090897,0.5858906723583168,0.3743740519640225,902.2,64.85337308112818,64.43256595507862
1887.asc,239.6,165.11111111111111,472.8888888888889,78.4,0.5468893383236304,0.1750321095508807,975.7777777777778,35.683104554078305,48.21306876771069
1888.asc,194.4,173.11111111111111,425.3333333333333,82.2,0.14856267612376128,0.14230934099460432,915.2,58.857115117885286,68.61486719363377
1889.asc,169.62500000000003,162.72727272727272,233.45454545454547,59.12500000000003,0.8994958697277089,-0.08229486891530105,587.4666666666667,5.678810517079162,9.665845613735584
1890.asc,198.14285714285714,228.6666666666667,371.38461538461536,96.57142857142857,0.5028263454587326,0.04139262404323896,669.6923076923077,10.461538461538462,7.211102550927978
1891.asc,189.81818181818173,160.39999999999995,349.99999999999994,96.1818181818181,0.37255903404323437,0.018825118728598784,836.8,7.05407683541936,9.977753031397176
1892.asc,176.125,179.2,332.53333333333336,75.375,0.768104607351528,0.024706592393262183,598.6666666666666,2.890597785157173,2.9277002188455996
1893.asc,205.06666666666666,173.25,276.8888888888889,66.13333333333334,0.9280126163970349,-0.12479352831811942,635.4285714285714,38.16077695696438,27.49545416973504
1894.asc,179.6,162.92307692307693,360.9230769230769,87.06666666666666,0.3376781958249806,0.07903347667147628,650.2857142857143,141.20270564558123,164.8906397492686
1895.asc,181.8181818181818,154.2,261.6,54.0,0.18770823853203505,0.04169372064105577,813.2,165.2179167039701,251.0555494086695
1896.asc,185.16666666666666,139.27272727272728,401.8181818181818,77.33333333333336,0.37930547333977277,0.16982545925776135,815.0909090909091,18.90384542628368,22.67156809750927
1897.asc,250.57142857142858,180.66666666666666,524.6666666666666,103.42857142857143,0.8368534982579544,0.29862842534057876,1302.6666666666667,11.411495179082461,11.55854662143991
1898.asc,180.75,128.13333333333333,343.33333333333326,72.25,1.0231232697222947,0.08120702406056493,591.2,6.18816073913189,5.477225575051661
1899.asc,170.72727272727272,192.6,385.8,94.0,0.9373028155926456,0.10312884400108503,826.2,19.004210059878837,10.392304845413264
1900.asc,194.1818181818182,170.44444444444434,449.9999999999999,64.54545454545455,0.5270792020780737,0.1603465561065093,884.8,51.070147836089134,57.90797296861058
1901.asc,,,,,,,,,
1902.asc,174.5,161.8181818181818,374.3636363636364,71.83333333333333,0.4722208771462288,0.11686398858871143,798.0,20.07259551998921,16.70927885936434
1903.asc,158.16666666666666,151.2,381.7999999999999,71.33333333333333,0.9683573691935625,0.12228316248553689,777.0909090909091,9.586491873792047,11.454256850621082
1904.asc,194.0,204.22222222222223,529.1111111111111,95.0,0.31060782323223246,0.23923099393982655,1002.0,37.05851229249946,52.191953402799555
1905.asc,187.5,213.7999999999999,414.4,83.49999999999996,1.0885760800614772,0.0013521407257545313,782.3636363636364,163.28851917960358,284.80028089873787
1906.asc,,,,,,,,,
1907.asc,152.71428571428572,103.84615384615384,236.6153846153846,51.0,0.4620272586566076,0.0029431946070835623,704.3076923076923,9.309917089481397,3.559026084010437
1908.asc,206.87500000000006,189.28571428571428,375.3333333333333,93.875,0.4999668085363743,0.12350350924354293,618.1333333333333,7.982202425117742,3.5050983275386565
1909.asc,182.0,174.3636363636363,471.2727272727272,98.00000000000006,0.2118863121989547,0.24955902746481895,850.0,44.1732127796103,46.604720790924176
1910.asc,230.2,159.33333333333334,428.22222222222223,63.600000000000094,0.20484235292693187,0.12438865371707633,956.6666666666666,32.91740505500936,32.17141588429082
1911.asc,253.11111111111111,234.0,486.2857142857143,108.0,0.6286472274798091,0.010102464547637127,1058.25,39.60350363288582,46.42659336445623
1912.asc,190.30769230769232,193.4000000000001,320.3636363636364,84.76923076923077,0.41862756141869056,0.00561563728833576,720.6666666666666,57.38950736463553,94.7551869532505
1913.asc,168.71428571428578,159.53846153846155,367.38461538461536,116.28571428571429,0.5603644384472891,0.06788575695452057,687.8461538461538,6.049108692719231,6.191391873668904
1914.asc,195.7333333333334,140.71428571428572,205.14285714285714,72.00000000000006,0.3550112557309934,-0.020492668698823737,619.2857142857143,4.446966404649538,6.610015710443334
1915.asc,184.909090909091,194.2,461.0,96.54545454545455,0.5256764315767367,0.24838117923510256,869.0,11.874342087037917,11.313708498984761
1916.asc,193.00000000000009,164.888888888889,419.3333333333334,74.40000000000009,0.38631481498768727,0.1461112118936279,896.6666666666666,12.220201853215574,17.406895185529212
1917.asc,,,,,,,,,
1918.asc,188.0,156.2,400.0,90.18181818181826,0.31268934720239533,0.12799896588070825,858.0,76.45652359347763,84.81614102149294
1919.asc,207.8181818181818,207.4,391.4,99.0909090909091,0.785992457005013,0.006169745316775511,898.0,29.175332046096752,38.90158522905376
1920.asc,180.42857142857136,116.28571428571429,375.0,99.85714285714279,0.4076399328583044,0.18076666364219937,664.5714285714286,15.900198946258888,12.70977818604485
1921.asc,206.2,199.33333333333323,345.77777777777777,87.2,0.7949424346267622,0.2493492696912613,961.1111111111111,26.601772891814075,41.42463035441596
1922.asc,201.66666666666666,218.36363636363637,435.27272727272725,99.66666666666667,0.832813662488964,0.06296525962613629,798.7272727272727,3.4401614415317274,3.1622776601683795
1923.asc,196.9090909090909,204.44444444444446,332.4,78.72727272727273,0.5104762659267436,-0.01147125847835513,869.0,8.729261137118078,11.352924243950934
1924.asc,185.2307692307693,148.83333333333326,315.6666666666666,48.92307692307699,0.4621571685819446,0.023646050290466784,754.6666666666666,10.434983894999018,13.724563248556814
1925.asc,210.76923076923083,135.00000000000009,380.8333333333333,86.92307692307692,0.7446199852414174,0.10160106098031413,735.8333333333334,21.25179730961334,17.46685172235996
1926.asc,253.11111111111111,118.88888888888889,347.3333333333333,114.44444444444444,0.3611829344100871,0.010081335990575074,1049.5555555555557,61.63532737194566,81.08637370113428
1927.asc,185.1999999999999,140.22222222222223,247.77777777777777,75.1999999999999,1.0183784257487107,-0.043905471619132976,987.3333333333334,18.233059108236457,22.561028345356956
1928.asc,144.24999999999994,184.7999999999998,312.4,57.375,0.5425918765612654,-0.031458075626773434,508.77777777777777,71.58876041170116,107.83538653074552
1929.asc,194.66666666666666,184.0,288.6,74.66666666666664,0.49539055129969883,-0.017796970324339943,757.4545454545455,156.95996225810617,210.5431072251001
1930.asc,228.5,201.59999999999997,384.1818181818181,112.5,1.1860363362538018,0.14941738569150134,805.0909090909091,17.671006276098634,22.40535650240808
1931.asc,177.875,151.42857142857142,252.85714285714283,90.75000000000006,0.4632974650512347,-0.03163686766644489,600.1333333333333,33.77941516499196,37.03666137375622
1932.asc,209.6,183.55555555555554,388.8888888888889,70.6,0.5034957993210735,0.11633589695611035,992.0,14.966629547095765,23.130067012440755
1933.asc,193.45454545454547,154.22222222222223,412.44444444444446,78.0,0.5099040634352833,0.10004735320775868,882.0,39.191835884530846,40.39801975344831
1934.asc,209.45454545454547,207.0,354.4,70.54545454545455,0.6396105145429447,-0.040300298451233334,837.8,5.688585061331157,8.246211251235321
1935.asc,211.55555555555554,123.71428571428571,340.2857142857143,84.88888888888889,0.5053647149519079,0.1408900531942165,1014.2222222222222,277.8383933863464,406.561188506724
1936.asc,175.1428571428572,112.92307692307699,268.923076923077,74.57142857142857,1.0319454667251873,0.00686464287946851,693.5384615384615,59.40812607536937,68.32032396488374
1937.asc,223.0,143.07692307692307,378.6153846153847,91.28571428571429,0.6403370135637338,0.0744046526956233,698.6153846153846,9.294650748918901,7.724420150837645
1938.asc,188.11111111111106,190.40000000000018,306.0,89.88888888888889,0.7411604091380128,-0.039338984113186516,510.77777777777777,34.49405030107133,55.90748660799848
1939.asc,179.55555555555554,177.71428571428572,451.25,111.11111111111111,0.9600031095637833,0.21572491963061413,1026.0,17.638342073763937,29.77414986191881
1940.asc,206.888888888889,175.5,440.75,106.22222222222223,0.6533168594122319,0.34029517545918747,1045.75,40.47761727177132,32.66277916615705
1941.asc,215.0909090909091,186.4,372.72727272727275,97.63636363636364,1.2354381119281423,0.2144452557422406,854.9090909090909,11.642044068059723,10.158740079360236
1942.asc,192.0,246.5,356.92307692307685,63.57142857142857,0.5775211412920718,-0.019671011230885035,669.0,9.96422170998389,10.273191399874799
1943.asc,232.75,122.57142857142857,330.0,51.5,0.1305765371948185,0.11932377572324107,1299.7142857142858,472.0973611103402,835.4918710955042
1944.asc,179.83333333333326,175.45454545454533,437.63636363636346,112.33333333333326,0.6400436622359692,0.19844416185705455,816.9090909090909,14.531811783773152,16.012495120998476
1945.asc,197.23076923076923,239.07692307692307,436.46153846153845,82.46153846153844,0.45824955303584936,0.13432750157405915,694.9230769230769,46.20766093402784,47.25110227991159
1946.asc,200.16666666666666,138.66666666666666,360.8333333333333,80.33333333333333,0.7118823718742247,0.1928037355153739,747.0,12.529964086141668,14.709304414677003
1947.asc,218.0,186.0,434.75,102.88888888888889,0.1345009127785522,0.07451376222800545,1020.0,55.25395913416522,52.666063890462574
1948.asc,221.7500000000001,209.14285714285703,487.42857142857144,88.0,0.5366619695322062,0.12541137033504898,1120.2857142857142,15.096965501283321,18.583146486355137
1949.asc,240.44444444444446,176.75,377.75,61.77777777777768,0.2180372568382226,0.10449284950330585,1058.6666666666667,169.5012291007551,187.6725872363889
1950.asc,166.5454545454546,148.8,445.4,79.81818181818186,0.1815440868126501,0.07720570115973834,867.8,32.905318719015625,38.37244381642176
1951.asc,203.63636363636363,199.8,358.2,95.45454545454545,0.38107820593577324,0.006040519532534958,888.4,50.42856333468166,57.90797296861058
1952.asc,,,,,,,,,
1953.asc,172.99999999999994,168.66666666666666,398.4,92.125,0.8276834160781026,0.0650871877989562,631.4666666666667,47.291812775104695,14.412296337304674
1954.asc,182.30769230769232,155.69230769230768,400.61538461538464,57.538461538461505,0.19358226849216573,0.15572314531230272,728.9230769230769,116.95788955429249,144.39529078193652
1955.asc,182.6153846153847,128.66666666666674,238.3333333333334,55.53846153846154,0.30001339451238834,0.03228874728017055,738.5,210.56926809643107,199.85267300962204
1956.asc,178.42857142857136,124.46153846153854,352.9230769230769,91.57142857142857,1.0056315571736965,0.08508106908598753,682.1538461538462,6.099762338953542,10.969655114602888
1957.asc,143.10000000000005,237.11111111111106,320.31578947368416,98.30000000000004,0.189282076851239,0.16314965785629623,452.5,1.7748239349298849,2.0
1958.asc,217.69230769230768,255.5,385.6666666666667,101.69230769230762,0.8783359987595875,0.1250051609291461,771.5,25.273503912200223,15.736466046618078
1959.asc,158.15384615384622,144.16666666666666,379.0,79.53846153846153,0.5695428904420403,0.22756881452123834,729.3333333333334,24.335616331258638,17.786613965666326
1960.asc,203.11111111111111,211.5,466.75,90.22222222222223,1.0316527012533512,0.14746034938269859,1058.75,63.58409785473094,72.7422062590115
1961.asc,198.2,147.77777777777794,368.66666666666674,62.19999999999995,0.2514560087760159,0.11565628057931528,958.6666666666666,43.93935214209088,30.520484924063705
1962.asc,207.45454545454547,130.66666666666666,404.8888888888889,70.0,0.6277811426857407,0.37126459056093186,875.0,62.01451443009128,83.24795626453674
1963.asc,202.8000000000001,136.8888888888887,391.55555555555543,95.19999999999997,0.5680208344960025,0.1678681922522211,962.0,77.01082175036615,93.07523838271918
1964.asc,158.35294117647058,174.0,233.0,71.52941176470588,0.6750096170483735,-0.03999746929940448,546.2352941176471,134.4564348477689,226.01327394646538
1965.asc,229.11111111111111,216.50000000000006,462.75000000000006,100.22222222222223,0.32593598312393385,0.20851271173586727,1054.25,29.230762904857617,30.406766164316597
1966.asc,197.8,112.0,370.6666666666667,56.8,0.4052141096849137,0.20566046215898887,949.3333333333334,11.115554667022044,12.020815280171307
1967.asc,240.66666666666663,263.3333333333333,501.25,114.44444444444437,0.6905150587619991,0.1375232350452708,1080.5,14.79019945774904,16.142225019229183
1968.asc,169.33333333333334,141.45454545454547,257.2727272727273,73.0,0.39571993312515397,-0.05242232359192911,815.4545454545455,8.316070273475834,6.511528238439882
1969.asc,214.14285714285708,231.25,364.54545454545456,94.99999999999993,1.130934086883826,-0.09881159356659418,719.6923076923077,21.892691493473393,15.044378795195678
1970.asc,191.84615384615384,157.33333333333334,387.6666666666667,108.15384615384625,0.6260097063859763,0.04324198508630913,743.3333333333334,17.46106780494506,15.326744302332798
1971.asc,182.0,225.71428571428584,302.85714285714283,82.375,0.6131759739117243,-0.009101743571739915,537.0588235294117,21.100517384889752,14.688430821568382
1972.asc,236.33333333333334,207.55555555555554,387.1111111111112,67.00000000000001,0.6637212470115766,-0.04840538979129374,784.3636363636364,7.991731263940331,11.045361017187261
1973.asc,,,,,,,,,
1974.asc,160.0,170.1818181818182,429.09090909090907,69.66666666666667,0.3553667774024485,0.31000885530767214,765.8181818181819,17.672876916687805,14.710540438746634
1975.asc,165.16666666666666,175.45454545454547,451.27272727272725,95.33333333333333,0.35696489660878145,0.13061416121831607,751.8181818181819,47.17051887821109,38.02630668366309
1976.asc,306.6,209.75,496.2499999999999,68.6,0.1629760284645233,0.1561155803623173,1001.5555555555555,288.0505785490964,278.16901337136744
1977.asc,199.53846153846155,188.1818181818182,439.1666666666667,65.07692307692308,0.5662426138849834,-0.033698027633391685,777.3333333333334,18.785337071473826,22.771593149041077
1978.asc,216.4444444444446,199.4999999999999,481.2499999999999,140.88888888888903,1.0360697873402804,0.2128176013095677,1015.75,24.175142191929297,20.521765448977757
1979.asc,229.8181818181818,153.75,306.25,79.45454545454545,0.2870520801609532,-0.04109143182695811,930.8,148.7419241505232,217.2136684874545
1980.asc,212.16666666666674,158.0,403.09090909090907,97.33333333333333,0.686817203063521,0.1342084906618111,831.8181818181819,143.55095274172808,227.94911712924005
1981.asc,176.33333333333334,181.45454545454547,364.1818181818182,77.0,0.5369193348783515,0.023053787826394796,760.5454545454545,27.330847162346988,15.760710643876436
1982.asc,195.38461538461544,111.66666666666667,360.6666666666667,94.15384615384622,0.48228351469816855,0.15987441034497032,755.5,14.96941325948794,12.269696595493082
1983.asc,216.9090909090909,174.0,428.2,89.27272727272727,0.7705889211678005,0.23330969212135622,897.0,9.262828941527529,14.157840387730202
1984.asc,215.9999999999999,222.28571428571425,510.57142857142856,137.77777777777777,0.41034112785187626,0.08175765074346665,1008.5,29.626845934051097,46.714941017684204
1985.asc,198.2666666666667,139.2,247.73333333333332,89.06666666666669,0.5193507745181551,-0.0020706805159741663,636.2666666666667,41.34322462293214,44.02596636401879
1986.asc,246.0,201.11111111111111,476.6666666666667,128.4,0.8500550376806899,0.2046103204189837,1006.8888888888889,95.18221641140562,73.98648525237566
1987.asc,202.49999999999991,119.99999999999996,390.72727272727263,69.5,0.6160995255137479,0.16044777163983917,820.1818181818181,9.665479170910555,5.865151319446072
1988.asc,,,,,,,,,
1989.asc,180.54545454545456,160.4,266.80000000000007,85.63636363636365,0.6736573178945353,-0.03688694503254266,889.8,32.96604313532335,28.401877872187722
1990.asc,207.81818181818178,199.2,408.5999999999999,91.27272727272724,0.6434560187783939,0.10865860216797762,904.8,33.144531977386556,33.0252428706689
1991.asc,150.0,157.33333333333334,314.1818181818182,51.0,0.9868722404899375,-0.0634593035819603,686.7692307692307,137.33628230686102,168.24188935379124
1992.asc,215.27272727272728,181.2,405.8,95.27272727272727,0.5896260914951972,0.15081963604176615,839.2,17.71327186038762,14.590712418826193
1993.asc,186.66666666666666,169.27272727272728,410.72727272727275,82.66666666666667,0.2974458827109867,0.16300021151664643,837.2727272727273,21.6462926033784,13.594116374373144
1994.asc,190.72727272727272,151.80000000000004,396.20000000000016,81.63636363636368,0.5757994396196042,0.2803495974654247,894.6,9.297311439335568,12.256517540566824
1995.asc,190.15384615384616,167.16666666666666,296.6666666666667,59.07692307692308,0.7000896426331505,-0.06864400295981626,737.1666666666666,19.654657350245397,27.36288129432412
1996.asc,173.69230769230768,147.6666666666666,410.83333333333326,109.38461538461539,0.23505500077657124,0.05052401196799757,775.6666666666666,9.826268648655782,10.87114613009218
1997.asc,202.4,201.33333333333323,428.6666666666667,105.4,0.6442348041064384,0.10965663851486256,947.7777777777778,23.179386329609418,20.71231517720798
1998.asc,196.83333333333326,154.36363636363637,344.54545454545456,65.83333333333326,0.5399519863853075,0.006749043936393601,836.3636363636364,65.14776592454017,71.64635371042968
1999.asc,225.07692307692307,216.33333333333334,352.1666666666667,111.07692307692308,0.9993767006947477,-0.050850002171178764,756.6666666666666,58.63635580612273,62.06155302307833
